root@smci355-ccs-aus-n11-29:/home/dewwang/triton-updated/python/tutorials/run_batch# bash run.padded.sh
Start runs
Running: BM=32, BN=32, BK=32, nonKDim=16
W20251226 04:58:57.066370 139703354199488 simple_timer.cpp:55] [rocprofv3] tool initialization ::     0.139547 sec
W20251226 04:58:57.066730 139703354199488 simple_timer.cpp:55] [rocprofv3] 'python test.matmul.padded.bash.py --BM 32 --BN 32 --BK 32 --nonKDim 16' ::     0.000000 sec
W20251226 04:58:58.268591 139703354199488 tool.cpp:2158] HSA version 8.18.0 initialized (instance=0)
Running benchmark with BM=32, BN=32, BK=32, MFMA_nonKDim16
E20251226 04:58:58.613479 139703354199488 output_stream.cpp:111] Opened result file: att_bm32_bn32_bk32_nonkdim16/smci355-ccs-aus-n11-29/77761_gfx950_code_object_id_1.out
E20251226 04:58:58.814598 139703354199488 output_stream.cpp:111] Opened result file: att_bm32_bn32_bk32_nonkdim16/smci355-ccs-aus-n11-29/77761_gfx950_code_object_id_2.out
E20251226 04:58:59.013508 139703354199488 output_stream.cpp:111] Opened result file: att_bm32_bn32_bk32_nonkdim16/smci355-ccs-aus-n11-29/77761_gfx950_code_object_id_3.out
use_block_pingpong=True
options.num_stages=2
E20251226 04:59:01.678484 139703354199488 output_stream.cpp:111] Opened result file: att_bm32_bn32_bk32_nonkdim16/smci355-ccs-aus-n11-29/77761_gfx950_code_object_id_4.out
E20251226 04:59:01.753943 139703354199488 output_stream.cpp:111] Opened result file: att_bm32_bn32_bk32_nonkdim16/smci355-ccs-aus-n11-29/77761_gfx950_code_object_id_5.out
E20251226 04:59:01.845693 139703354199488 output_stream.cpp:111] Opened result file: att_bm32_bn32_bk32_nonkdim16/smci355-ccs-aus-n11-29/77761_gfx950_code_object_id_6.out
E20251226 04:59:01.871586 139703354199488 output_stream.cpp:111] Opened result file: att_bm32_bn32_bk32_nonkdim16/smci355-ccs-aus-n11-29/77761_gfx950_code_object_id_7.out
E20251226 04:59:01.983027 139703354199488 output_stream.cpp:111] Opened result file: att_bm32_bn32_bk32_nonkdim16/smci355-ccs-aus-n11-29/77761_gfx950_code_object_id_8.out
E20251226 04:59:02.014359 139703354199488 output_stream.cpp:111] Opened result file: att_bm32_bn32_bk32_nonkdim16/smci355-ccs-aus-n11-29/77761_gfx950_code_object_id_9.out
E20251226 04:59:02.114755 139703354199488 output_stream.cpp:111] Opened result file: att_bm32_bn32_bk32_nonkdim16/smci355-ccs-aus-n11-29/77761_gfx950_code_object_id_10.out
E20251226 04:59:02.130690 139703354199488 output_stream.cpp:111] Opened result file: att_bm32_bn32_bk32_nonkdim16/smci355-ccs-aus-n11-29/77761_gfx950_code_object_id_11.out
E20251226 04:59:02.146104 139703354199488 output_stream.cpp:111] Opened result file: att_bm32_bn32_bk32_nonkdim16/smci355-ccs-aus-n11-29/77761_gfx950_code_object_id_12.out
✅ Triton and Torch match
E20251226 04:59:02.402632 139703354199488 output_stream.cpp:111] Opened result file: att_bm32_bn32_bk32_nonkdim16/smci355-ccs-aus-n11-29/77761_gfx950_code_object_id_13.out
E20251226 04:59:02.413180 139703354199488 output_stream.cpp:111] Opened result file: att_bm32_bn32_bk32_nonkdim16/smci355-ccs-aus-n11-29/77761_gfx950_code_object_id_14.out
E20251226 04:59:02.420355 139415177393728 output_stream.cpp:111] Opened result file: att_bm32_bn32_bk32_nonkdim16/smci355-ccs-aus-n11-29/77761_28188_shader_engine_0_32.att
E20251226 04:59:02.424510 139415177393728 output_stream.cpp:111] Opened result file: att_bm32_bn32_bk32_nonkdim16/smci355-ccs-aus-n11-29/77761_28188_shader_engine_1_32.att
E20251226 04:59:02.425805 139415177393728 output_stream.cpp:111] Opened result file: att_bm32_bn32_bk32_nonkdim16/smci355-ccs-aus-n11-29/77761_28188_shader_engine_2_32.att
E20251226 04:59:02.429788 139415177393728 output_stream.cpp:111] Opened result file: att_bm32_bn32_bk32_nonkdim16/smci355-ccs-aus-n11-29/77761_28188_shader_engine_3_32.att
matmul-performance-BM32-BN32-BK32-mfma16:
        M       N       K  Triton (TFLOPS)
0  4096.0  4096.0  4096.0       168.734884
W20251226 04:59:02.655673 139703354199488 simple_timer.cpp:55] [rocprofv3] 'python test.matmul.padded.bash.py --BM 32 --BN 32 --BK 32 --nonKDim 16' ::     5.588943 sec
E20251226 04:59:02.741721 139703354199488 output_stream.cpp:111] Opened result file: att_bm32_bn32_bk32_nonkdim16/smci355-ccs-aus-n11-29/77761_results.json
W20251226 04:59:05.655425 139703354199488 simple_timer.cpp:55] [rocprofv3] tool finalization ::     2.914105 sec
Running: BM=32, BN=32, BK=32, nonKDim=32
W20251226 04:59:06.302335 140254894943680 simple_timer.cpp:55] [rocprofv3] tool initialization ::     0.139753 sec
W20251226 04:59:06.302679 140254894943680 simple_timer.cpp:55] [rocprofv3] 'python test.matmul.padded.bash.py --BM 32 --BN 32 --BK 32 --nonKDim 32' ::     0.000000 sec
W20251226 04:59:07.550580 140254894943680 tool.cpp:2158] HSA version 8.18.0 initialized (instance=0)
Running benchmark with BM=32, BN=32, BK=32, MFMA_nonKDim32
E20251226 04:59:07.890290 140254894943680 output_stream.cpp:111] Opened result file: att_bm32_bn32_bk32_nonkdim32/smci355-ccs-aus-n11-29/77831_gfx950_code_object_id_1.out
E20251226 04:59:08.049314 140254894943680 output_stream.cpp:111] Opened result file: att_bm32_bn32_bk32_nonkdim32/smci355-ccs-aus-n11-29/77831_gfx950_code_object_id_2.out
E20251226 04:59:08.231669 140254894943680 output_stream.cpp:111] Opened result file: att_bm32_bn32_bk32_nonkdim32/smci355-ccs-aus-n11-29/77831_gfx950_code_object_id_3.out
use_block_pingpong=True
options.num_stages=2
E20251226 04:59:11.085232 140254894943680 output_stream.cpp:111] Opened result file: att_bm32_bn32_bk32_nonkdim32/smci355-ccs-aus-n11-29/77831_gfx950_code_object_id_4.out
E20251226 04:59:11.158068 140254894943680 output_stream.cpp:111] Opened result file: att_bm32_bn32_bk32_nonkdim32/smci355-ccs-aus-n11-29/77831_gfx950_code_object_id_5.out
E20251226 04:59:11.252960 140254894943680 output_stream.cpp:111] Opened result file: att_bm32_bn32_bk32_nonkdim32/smci355-ccs-aus-n11-29/77831_gfx950_code_object_id_6.out
E20251226 04:59:11.278847 140254894943680 output_stream.cpp:111] Opened result file: att_bm32_bn32_bk32_nonkdim32/smci355-ccs-aus-n11-29/77831_gfx950_code_object_id_7.out
E20251226 04:59:11.382469 140254894943680 output_stream.cpp:111] Opened result file: att_bm32_bn32_bk32_nonkdim32/smci355-ccs-aus-n11-29/77831_gfx950_code_object_id_8.out
E20251226 04:59:11.412193 140254894943680 output_stream.cpp:111] Opened result file: att_bm32_bn32_bk32_nonkdim32/smci355-ccs-aus-n11-29/77831_gfx950_code_object_id_9.out
E20251226 04:59:11.503012 140254894943680 output_stream.cpp:111] Opened result file: att_bm32_bn32_bk32_nonkdim32/smci355-ccs-aus-n11-29/77831_gfx950_code_object_id_10.out
E20251226 04:59:11.518271 140254894943680 output_stream.cpp:111] Opened result file: att_bm32_bn32_bk32_nonkdim32/smci355-ccs-aus-n11-29/77831_gfx950_code_object_id_11.out
E20251226 04:59:11.533398 140254894943680 output_stream.cpp:111] Opened result file: att_bm32_bn32_bk32_nonkdim32/smci355-ccs-aus-n11-29/77831_gfx950_code_object_id_12.out
✅ Triton and Torch match
E20251226 04:59:11.785248 140254894943680 output_stream.cpp:111] Opened result file: att_bm32_bn32_bk32_nonkdim32/smci355-ccs-aus-n11-29/77831_gfx950_code_object_id_13.out
E20251226 04:59:11.795873 140254894943680 output_stream.cpp:111] Opened result file: att_bm32_bn32_bk32_nonkdim32/smci355-ccs-aus-n11-29/77831_gfx950_code_object_id_14.out
E20251226 04:59:11.803709 139966657066560 output_stream.cpp:111] Opened result file: att_bm32_bn32_bk32_nonkdim32/smci355-ccs-aus-n11-29/77831_9258_shader_engine_0_32.att
E20251226 04:59:11.808708 139966657066560 output_stream.cpp:111] Opened result file: att_bm32_bn32_bk32_nonkdim32/smci355-ccs-aus-n11-29/77831_9258_shader_engine_1_32.att
E20251226 04:59:11.809937 139966657066560 output_stream.cpp:111] Opened result file: att_bm32_bn32_bk32_nonkdim32/smci355-ccs-aus-n11-29/77831_9258_shader_engine_2_32.att
E20251226 04:59:11.814120 139966657066560 output_stream.cpp:111] Opened result file: att_bm32_bn32_bk32_nonkdim32/smci355-ccs-aus-n11-29/77831_9258_shader_engine_3_32.att
matmul-performance-BM32-BN32-BK32-mfma32:
        M       N       K  Triton (TFLOPS)
0  4096.0  4096.0  4096.0       149.916995
W20251226 04:59:12.022818 140254894943680 simple_timer.cpp:55] [rocprofv3] 'python test.matmul.padded.bash.py --BM 32 --BN 32 --BK 32 --nonKDim 32' ::     5.720140 sec
E20251226 04:59:12.107145 140254894943680 output_stream.cpp:111] Opened result file: att_bm32_bn32_bk32_nonkdim32/smci355-ccs-aus-n11-29/77831_results.json
W20251226 04:59:16.105920 140254894943680 simple_timer.cpp:55] [rocprofv3] tool finalization ::     3.999158 sec
Running: BM=32, BN=32, BK=64, nonKDim=16
W20251226 04:59:16.733878 140085978512832 simple_timer.cpp:55] [rocprofv3] tool initialization ::     0.138650 sec
W20251226 04:59:16.734217 140085978512832 simple_timer.cpp:55] [rocprofv3] 'python test.matmul.padded.bash.py --BM 32 --BN 32 --BK 64 --nonKDim 16' ::     0.000000 sec
W20251226 04:59:17.943418 140085978512832 tool.cpp:2158] HSA version 8.18.0 initialized (instance=0)
Running benchmark with BM=32, BN=32, BK=64, MFMA_nonKDim16
E20251226 04:59:18.283033 140085978512832 output_stream.cpp:111] Opened result file: att_bm32_bn32_bk64_nonkdim16/smci355-ccs-aus-n11-29/77901_gfx950_code_object_id_1.out
E20251226 04:59:18.440116 140085978512832 output_stream.cpp:111] Opened result file: att_bm32_bn32_bk64_nonkdim16/smci355-ccs-aus-n11-29/77901_gfx950_code_object_id_2.out
E20251226 04:59:18.626495 140085978512832 output_stream.cpp:111] Opened result file: att_bm32_bn32_bk64_nonkdim16/smci355-ccs-aus-n11-29/77901_gfx950_code_object_id_3.out
use_block_pingpong=True
options.num_stages=2
E20251226 04:59:21.374690 140085978512832 output_stream.cpp:111] Opened result file: att_bm32_bn32_bk64_nonkdim16/smci355-ccs-aus-n11-29/77901_gfx950_code_object_id_4.out
E20251226 04:59:21.447213 140085978512832 output_stream.cpp:111] Opened result file: att_bm32_bn32_bk64_nonkdim16/smci355-ccs-aus-n11-29/77901_gfx950_code_object_id_5.out
E20251226 04:59:21.537936 140085978512832 output_stream.cpp:111] Opened result file: att_bm32_bn32_bk64_nonkdim16/smci355-ccs-aus-n11-29/77901_gfx950_code_object_id_6.out
E20251226 04:59:21.563680 140085978512832 output_stream.cpp:111] Opened result file: att_bm32_bn32_bk64_nonkdim16/smci355-ccs-aus-n11-29/77901_gfx950_code_object_id_7.out
E20251226 04:59:21.668178 140085978512832 output_stream.cpp:111] Opened result file: att_bm32_bn32_bk64_nonkdim16/smci355-ccs-aus-n11-29/77901_gfx950_code_object_id_8.out
E20251226 04:59:21.698336 140085978512832 output_stream.cpp:111] Opened result file: att_bm32_bn32_bk64_nonkdim16/smci355-ccs-aus-n11-29/77901_gfx950_code_object_id_9.out
E20251226 04:59:21.792368 140085978512832 output_stream.cpp:111] Opened result file: att_bm32_bn32_bk64_nonkdim16/smci355-ccs-aus-n11-29/77901_gfx950_code_object_id_10.out
E20251226 04:59:21.808119 140085978512832 output_stream.cpp:111] Opened result file: att_bm32_bn32_bk64_nonkdim16/smci355-ccs-aus-n11-29/77901_gfx950_code_object_id_11.out
E20251226 04:59:21.823092 140085978512832 output_stream.cpp:111] Opened result file: att_bm32_bn32_bk64_nonkdim16/smci355-ccs-aus-n11-29/77901_gfx950_code_object_id_12.out
✅ Triton and Torch match
E20251226 04:59:22.074231 140085978512832 output_stream.cpp:111] Opened result file: att_bm32_bn32_bk64_nonkdim16/smci355-ccs-aus-n11-29/77901_gfx950_code_object_id_13.out
E20251226 04:59:22.084495 140085978512832 output_stream.cpp:111] Opened result file: att_bm32_bn32_bk64_nonkdim16/smci355-ccs-aus-n11-29/77901_gfx950_code_object_id_14.out
E20251226 04:59:22.091169 139797741958720 output_stream.cpp:111] Opened result file: att_bm32_bn32_bk64_nonkdim16/smci355-ccs-aus-n11-29/77901_9683_shader_engine_0_32.att
E20251226 04:59:22.094017 139797741958720 output_stream.cpp:111] Opened result file: att_bm32_bn32_bk64_nonkdim16/smci355-ccs-aus-n11-29/77901_9683_shader_engine_1_32.att
E20251226 04:59:22.095106 139797741958720 output_stream.cpp:111] Opened result file: att_bm32_bn32_bk64_nonkdim16/smci355-ccs-aus-n11-29/77901_9683_shader_engine_2_32.att
E20251226 04:59:22.097664 139797741958720 output_stream.cpp:111] Opened result file: att_bm32_bn32_bk64_nonkdim16/smci355-ccs-aus-n11-29/77901_9683_shader_engine_3_32.att
matmul-performance-BM32-BN32-BK64-mfma16:
        M       N       K  Triton (TFLOPS)
0  4096.0  4096.0  4096.0        157.97472
W20251226 04:59:22.320148 140085978512832 simple_timer.cpp:55] [rocprofv3] 'python test.matmul.padded.bash.py --BM 32 --BN 32 --BK 64 --nonKDim 16' ::     5.585931 sec
E20251226 04:59:22.403012 140085978512832 output_stream.cpp:111] Opened result file: att_bm32_bn32_bk64_nonkdim16/smci355-ccs-aus-n11-29/77901_results.json
W20251226 04:59:23.969788 140085978512832 simple_timer.cpp:55] [rocprofv3] tool finalization ::     1.567187 sec
Running: BM=32, BN=32, BK=64, nonKDim=32
W20251226 04:59:24.606998 140134668025280 simple_timer.cpp:55] [rocprofv3] tool initialization ::     0.142227 sec
W20251226 04:59:24.607330 140134668025280 simple_timer.cpp:55] [rocprofv3] 'python test.matmul.padded.bash.py --BM 32 --BN 32 --BK 64 --nonKDim 32' ::     0.000000 sec
W20251226 04:59:25.864325 140134668025280 tool.cpp:2158] HSA version 8.18.0 initialized (instance=0)
Running benchmark with BM=32, BN=32, BK=64, MFMA_nonKDim32
E20251226 04:59:26.211896 140134668025280 output_stream.cpp:111] Opened result file: att_bm32_bn32_bk64_nonkdim32/smci355-ccs-aus-n11-29/77971_gfx950_code_object_id_1.out
E20251226 04:59:26.362276 140134668025280 output_stream.cpp:111] Opened result file: att_bm32_bn32_bk64_nonkdim32/smci355-ccs-aus-n11-29/77971_gfx950_code_object_id_2.out
E20251226 04:59:26.547716 140134668025280 output_stream.cpp:111] Opened result file: att_bm32_bn32_bk64_nonkdim32/smci355-ccs-aus-n11-29/77971_gfx950_code_object_id_3.out
use_block_pingpong=True
options.num_stages=2
E20251226 04:59:29.489643 140134668025280 output_stream.cpp:111] Opened result file: att_bm32_bn32_bk64_nonkdim32/smci355-ccs-aus-n11-29/77971_gfx950_code_object_id_4.out
E20251226 04:59:29.562779 140134668025280 output_stream.cpp:111] Opened result file: att_bm32_bn32_bk64_nonkdim32/smci355-ccs-aus-n11-29/77971_gfx950_code_object_id_5.out
E20251226 04:59:29.658136 140134668025280 output_stream.cpp:111] Opened result file: att_bm32_bn32_bk64_nonkdim32/smci355-ccs-aus-n11-29/77971_gfx950_code_object_id_6.out
E20251226 04:59:29.683744 140134668025280 output_stream.cpp:111] Opened result file: att_bm32_bn32_bk64_nonkdim32/smci355-ccs-aus-n11-29/77971_gfx950_code_object_id_7.out
E20251226 04:59:29.783995 140134668025280 output_stream.cpp:111] Opened result file: att_bm32_bn32_bk64_nonkdim32/smci355-ccs-aus-n11-29/77971_gfx950_code_object_id_8.out
E20251226 04:59:29.813308 140134668025280 output_stream.cpp:111] Opened result file: att_bm32_bn32_bk64_nonkdim32/smci355-ccs-aus-n11-29/77971_gfx950_code_object_id_9.out
E20251226 04:59:29.903789 140134668025280 output_stream.cpp:111] Opened result file: att_bm32_bn32_bk64_nonkdim32/smci355-ccs-aus-n11-29/77971_gfx950_code_object_id_10.out
E20251226 04:59:29.919714 140134668025280 output_stream.cpp:111] Opened result file: att_bm32_bn32_bk64_nonkdim32/smci355-ccs-aus-n11-29/77971_gfx950_code_object_id_11.out
E20251226 04:59:29.935399 140134668025280 output_stream.cpp:111] Opened result file: att_bm32_bn32_bk64_nonkdim32/smci355-ccs-aus-n11-29/77971_gfx950_code_object_id_12.out
✅ Triton and Torch match
E20251226 04:59:30.185151 140134668025280 output_stream.cpp:111] Opened result file: att_bm32_bn32_bk64_nonkdim32/smci355-ccs-aus-n11-29/77971_gfx950_code_object_id_13.out
E20251226 04:59:30.195725 140134668025280 output_stream.cpp:111] Opened result file: att_bm32_bn32_bk64_nonkdim32/smci355-ccs-aus-n11-29/77971_gfx950_code_object_id_14.out
E20251226 04:59:30.202767 139846486062656 output_stream.cpp:111] Opened result file: att_bm32_bn32_bk64_nonkdim32/smci355-ccs-aus-n11-29/77971_60474_shader_engine_0_32.att
E20251226 04:59:30.205950 139846486062656 output_stream.cpp:111] Opened result file: att_bm32_bn32_bk64_nonkdim32/smci355-ccs-aus-n11-29/77971_60474_shader_engine_1_32.att
E20251226 04:59:30.206938 139846486062656 output_stream.cpp:111] Opened result file: att_bm32_bn32_bk64_nonkdim32/smci355-ccs-aus-n11-29/77971_60474_shader_engine_2_32.att
E20251226 04:59:30.209683 139846486062656 output_stream.cpp:111] Opened result file: att_bm32_bn32_bk64_nonkdim32/smci355-ccs-aus-n11-29/77971_60474_shader_engine_3_32.att
matmul-performance-BM32-BN32-BK64-mfma32:
        M       N       K  Triton (TFLOPS)
0  4096.0  4096.0  4096.0       151.959098
W20251226 04:59:30.429875 140134668025280 simple_timer.cpp:55] [rocprofv3] 'python test.matmul.padded.bash.py --BM 32 --BN 32 --BK 64 --nonKDim 32' ::     5.822545 sec
E20251226 04:59:30.510731 140134668025280 output_stream.cpp:111] Opened result file: att_bm32_bn32_bk64_nonkdim32/smci355-ccs-aus-n11-29/77971_results.json
W20251226 04:59:32.757093 140134668025280 simple_timer.cpp:55] [rocprofv3] tool finalization ::     2.246736 sec
Running: BM=32, BN=32, BK=128, nonKDim=16
W20251226 04:59:33.386405 140300751826368 simple_timer.cpp:55] [rocprofv3] tool initialization ::     0.139271 sec
W20251226 04:59:33.386761 140300751826368 simple_timer.cpp:55] [rocprofv3] 'python test.matmul.padded.bash.py --BM 32 --BN 32 --BK 128 --nonKDim 16' ::     0.000000 sec
W20251226 04:59:34.601176 140300751826368 tool.cpp:2158] HSA version 8.18.0 initialized (instance=0)
Running benchmark with BM=32, BN=32, BK=128, MFMA_nonKDim16
E20251226 04:59:34.942284 140300751826368 output_stream.cpp:111] Opened result file: att_bm32_bn32_bk128_nonkdim16/smci355-ccs-aus-n11-29/78041_gfx950_code_object_id_1.out
E20251226 04:59:35.104024 140300751826368 output_stream.cpp:111] Opened result file: att_bm32_bn32_bk128_nonkdim16/smci355-ccs-aus-n11-29/78041_gfx950_code_object_id_2.out
E20251226 04:59:35.291195 140300751826368 output_stream.cpp:111] Opened result file: att_bm32_bn32_bk128_nonkdim16/smci355-ccs-aus-n11-29/78041_gfx950_code_object_id_3.out
use_block_pingpong=True
options.num_stages=2
E20251226 04:59:38.294533 140300751826368 output_stream.cpp:111] Opened result file: att_bm32_bn32_bk128_nonkdim16/smci355-ccs-aus-n11-29/78041_gfx950_code_object_id_4.out
E20251226 04:59:38.367870 140300751826368 output_stream.cpp:111] Opened result file: att_bm32_bn32_bk128_nonkdim16/smci355-ccs-aus-n11-29/78041_gfx950_code_object_id_5.out
E20251226 04:59:38.461874 140300751826368 output_stream.cpp:111] Opened result file: att_bm32_bn32_bk128_nonkdim16/smci355-ccs-aus-n11-29/78041_gfx950_code_object_id_6.out
E20251226 04:59:38.487335 140300751826368 output_stream.cpp:111] Opened result file: att_bm32_bn32_bk128_nonkdim16/smci355-ccs-aus-n11-29/78041_gfx950_code_object_id_7.out
E20251226 04:59:38.593040 140300751826368 output_stream.cpp:111] Opened result file: att_bm32_bn32_bk128_nonkdim16/smci355-ccs-aus-n11-29/78041_gfx950_code_object_id_8.out
E20251226 04:59:38.622775 140300751826368 output_stream.cpp:111] Opened result file: att_bm32_bn32_bk128_nonkdim16/smci355-ccs-aus-n11-29/78041_gfx950_code_object_id_9.out
E20251226 04:59:38.717448 140300751826368 output_stream.cpp:111] Opened result file: att_bm32_bn32_bk128_nonkdim16/smci355-ccs-aus-n11-29/78041_gfx950_code_object_id_10.out
E20251226 04:59:38.732907 140300751826368 output_stream.cpp:111] Opened result file: att_bm32_bn32_bk128_nonkdim16/smci355-ccs-aus-n11-29/78041_gfx950_code_object_id_11.out
E20251226 04:59:38.748715 140300751826368 output_stream.cpp:111] Opened result file: att_bm32_bn32_bk128_nonkdim16/smci355-ccs-aus-n11-29/78041_gfx950_code_object_id_12.out
✅ Triton and Torch match
E20251226 04:59:38.999228 140300751826368 output_stream.cpp:111] Opened result file: att_bm32_bn32_bk128_nonkdim16/smci355-ccs-aus-n11-29/78041_gfx950_code_object_id_13.out
E20251226 04:59:39.009534 140300751826368 output_stream.cpp:111] Opened result file: att_bm32_bn32_bk128_nonkdim16/smci355-ccs-aus-n11-29/78041_gfx950_code_object_id_14.out
E20251226 04:59:39.016008 140012580501056 output_stream.cpp:111] Opened result file: att_bm32_bn32_bk128_nonkdim16/smci355-ccs-aus-n11-29/78041_16875_shader_engine_0_32.att
E20251226 04:59:39.018676 140012580501056 output_stream.cpp:111] Opened result file: att_bm32_bn32_bk128_nonkdim16/smci355-ccs-aus-n11-29/78041_16875_shader_engine_1_32.att
E20251226 04:59:39.019687 140012580501056 output_stream.cpp:111] Opened result file: att_bm32_bn32_bk128_nonkdim16/smci355-ccs-aus-n11-29/78041_16875_shader_engine_2_32.att
E20251226 04:59:39.022030 140012580501056 output_stream.cpp:111] Opened result file: att_bm32_bn32_bk128_nonkdim16/smci355-ccs-aus-n11-29/78041_16875_shader_engine_3_32.att
matmul-performance-BM32-BN32-BK128-mfma16:
        M       N       K  Triton (TFLOPS)
0  4096.0  4096.0  4096.0       172.236603
W20251226 04:59:39.247621 140300751826368 simple_timer.cpp:55] [rocprofv3] 'python test.matmul.padded.bash.py --BM 32 --BN 32 --BK 128 --nonKDim 16' ::     5.860860 sec
E20251226 04:59:39.331134 140300751826368 output_stream.cpp:111] Opened result file: att_bm32_bn32_bk128_nonkdim16/smci355-ccs-aus-n11-29/78041_results.json
W20251226 04:59:40.722860 140300751826368 simple_timer.cpp:55] [rocprofv3] tool finalization ::     1.392111 sec
Running: BM=32, BN=32, BK=128, nonKDim=32
W20251226 04:59:41.359253 140243819728320 simple_timer.cpp:55] [rocprofv3] tool initialization ::     0.139261 sec
W20251226 04:59:41.359613 140243819728320 simple_timer.cpp:55] [rocprofv3] 'python test.matmul.padded.bash.py --BM 32 --BN 32 --BK 128 --nonKDim 32' ::     0.000000 sec
W20251226 04:59:42.605920 140243819728320 tool.cpp:2158] HSA version 8.18.0 initialized (instance=0)
Running benchmark with BM=32, BN=32, BK=128, MFMA_nonKDim32
E20251226 04:59:42.944230 140243819728320 output_stream.cpp:111] Opened result file: att_bm32_bn32_bk128_nonkdim32/smci355-ccs-aus-n11-29/78111_gfx950_code_object_id_1.out
E20251226 04:59:43.119284 140243819728320 output_stream.cpp:111] Opened result file: att_bm32_bn32_bk128_nonkdim32/smci355-ccs-aus-n11-29/78111_gfx950_code_object_id_2.out
E20251226 04:59:43.209032 140243819728320 output_stream.cpp:111] Opened result file: att_bm32_bn32_bk128_nonkdim32/smci355-ccs-aus-n11-29/78111_gfx950_code_object_id_3.out
use_block_pingpong=True
options.num_stages=2
E20251226 04:59:46.468414 140243819728320 output_stream.cpp:111] Opened result file: att_bm32_bn32_bk128_nonkdim32/smci355-ccs-aus-n11-29/78111_gfx950_code_object_id_4.out
E20251226 04:59:46.542164 140243819728320 output_stream.cpp:111] Opened result file: att_bm32_bn32_bk128_nonkdim32/smci355-ccs-aus-n11-29/78111_gfx950_code_object_id_5.out
E20251226 04:59:46.636996 140243819728320 output_stream.cpp:111] Opened result file: att_bm32_bn32_bk128_nonkdim32/smci355-ccs-aus-n11-29/78111_gfx950_code_object_id_6.out
E20251226 04:59:46.662534 140243819728320 output_stream.cpp:111] Opened result file: att_bm32_bn32_bk128_nonkdim32/smci355-ccs-aus-n11-29/78111_gfx950_code_object_id_7.out
E20251226 04:59:46.717164 140243819728320 output_stream.cpp:111] Opened result file: att_bm32_bn32_bk128_nonkdim32/smci355-ccs-aus-n11-29/78111_gfx950_code_object_id_8.out
E20251226 04:59:46.747460 140243819728320 output_stream.cpp:111] Opened result file: att_bm32_bn32_bk128_nonkdim32/smci355-ccs-aus-n11-29/78111_gfx950_code_object_id_9.out
E20251226 04:59:46.790929 140243819728320 output_stream.cpp:111] Opened result file: att_bm32_bn32_bk128_nonkdim32/smci355-ccs-aus-n11-29/78111_gfx950_code_object_id_10.out
E20251226 04:59:46.806023 140243819728320 output_stream.cpp:111] Opened result file: att_bm32_bn32_bk128_nonkdim32/smci355-ccs-aus-n11-29/78111_gfx950_code_object_id_11.out
E20251226 04:59:46.821148 140243819728320 output_stream.cpp:111] Opened result file: att_bm32_bn32_bk128_nonkdim32/smci355-ccs-aus-n11-29/78111_gfx950_code_object_id_12.out
✅ Triton and Torch match
E20251226 04:59:47.072728 140243819728320 output_stream.cpp:111] Opened result file: att_bm32_bn32_bk128_nonkdim32/smci355-ccs-aus-n11-29/78111_gfx950_code_object_id_13.out
E20251226 04:59:47.083123 140243819728320 output_stream.cpp:111] Opened result file: att_bm32_bn32_bk128_nonkdim32/smci355-ccs-aus-n11-29/78111_gfx950_code_object_id_14.out
E20251226 04:59:47.090412 139955605075520 output_stream.cpp:111] Opened result file: att_bm32_bn32_bk128_nonkdim32/smci355-ccs-aus-n11-29/78111_59866_shader_engine_0_32.att
E20251226 04:59:47.093252 139955605075520 output_stream.cpp:111] Opened result file: att_bm32_bn32_bk128_nonkdim32/smci355-ccs-aus-n11-29/78111_59866_shader_engine_1_32.att
E20251226 04:59:47.094320 139955605075520 output_stream.cpp:111] Opened result file: att_bm32_bn32_bk128_nonkdim32/smci355-ccs-aus-n11-29/78111_59866_shader_engine_2_32.att
E20251226 04:59:47.097022 139955605075520 output_stream.cpp:111] Opened result file: att_bm32_bn32_bk128_nonkdim32/smci355-ccs-aus-n11-29/78111_59866_shader_engine_3_32.att
matmul-performance-BM32-BN32-BK128-mfma32:
        M       N       K  Triton (TFLOPS)
0  4096.0  4096.0  4096.0       152.997755
W20251226 04:59:47.327060 140243819728320 simple_timer.cpp:55] [rocprofv3] 'python test.matmul.padded.bash.py --BM 32 --BN 32 --BK 128 --nonKDim 32' ::     5.967447 sec
E20251226 04:59:47.409214 140243819728320 output_stream.cpp:111] Opened result file: att_bm32_bn32_bk128_nonkdim32/smci355-ccs-aus-n11-29/78111_results.json
W20251226 04:59:49.391120 140243819728320 simple_timer.cpp:55] [rocprofv3] tool finalization ::     1.982313 sec
Running: BM=32, BN=64, BK=32, nonKDim=16
W20251226 04:59:50.019581 139966804262336 simple_timer.cpp:55] [rocprofv3] tool initialization ::     0.140256 sec
W20251226 04:59:50.020092 139966804262336 simple_timer.cpp:55] [rocprofv3] 'python test.matmul.padded.bash.py --BM 32 --BN 64 --BK 32 --nonKDim 16' ::     0.000000 sec
W20251226 04:59:51.260285 139966804262336 tool.cpp:2158] HSA version 8.18.0 initialized (instance=0)
Running benchmark with BM=32, BN=64, BK=32, MFMA_nonKDim16
E20251226 04:59:51.593307 139966804262336 output_stream.cpp:111] Opened result file: att_bm32_bn64_bk32_nonkdim16/smci355-ccs-aus-n11-29/78181_gfx950_code_object_id_1.out
E20251226 04:59:51.750339 139966804262336 output_stream.cpp:111] Opened result file: att_bm32_bn64_bk32_nonkdim16/smci355-ccs-aus-n11-29/78181_gfx950_code_object_id_2.out
E20251226 04:59:51.935828 139966804262336 output_stream.cpp:111] Opened result file: att_bm32_bn64_bk32_nonkdim16/smci355-ccs-aus-n11-29/78181_gfx950_code_object_id_3.out
use_block_pingpong=True
options.num_stages=2
E20251226 04:59:54.658332 139966804262336 output_stream.cpp:111] Opened result file: att_bm32_bn64_bk32_nonkdim16/smci355-ccs-aus-n11-29/78181_gfx950_code_object_id_4.out
E20251226 04:59:54.731451 139966804262336 output_stream.cpp:111] Opened result file: att_bm32_bn64_bk32_nonkdim16/smci355-ccs-aus-n11-29/78181_gfx950_code_object_id_5.out
E20251226 04:59:54.825140 139966804262336 output_stream.cpp:111] Opened result file: att_bm32_bn64_bk32_nonkdim16/smci355-ccs-aus-n11-29/78181_gfx950_code_object_id_6.out
E20251226 04:59:54.850341 139966804262336 output_stream.cpp:111] Opened result file: att_bm32_bn64_bk32_nonkdim16/smci355-ccs-aus-n11-29/78181_gfx950_code_object_id_7.out
E20251226 04:59:54.955341 139966804262336 output_stream.cpp:111] Opened result file: att_bm32_bn64_bk32_nonkdim16/smci355-ccs-aus-n11-29/78181_gfx950_code_object_id_8.out
E20251226 04:59:54.985591 139966804262336 output_stream.cpp:111] Opened result file: att_bm32_bn64_bk32_nonkdim16/smci355-ccs-aus-n11-29/78181_gfx950_code_object_id_9.out
E20251226 04:59:55.078709 139966804262336 output_stream.cpp:111] Opened result file: att_bm32_bn64_bk32_nonkdim16/smci355-ccs-aus-n11-29/78181_gfx950_code_object_id_10.out
E20251226 04:59:55.094392 139966804262336 output_stream.cpp:111] Opened result file: att_bm32_bn64_bk32_nonkdim16/smci355-ccs-aus-n11-29/78181_gfx950_code_object_id_11.out
E20251226 04:59:55.109344 139966804262336 output_stream.cpp:111] Opened result file: att_bm32_bn64_bk32_nonkdim16/smci355-ccs-aus-n11-29/78181_gfx950_code_object_id_12.out
✅ Triton and Torch match
E20251226 04:59:55.360019 139966804262336 output_stream.cpp:111] Opened result file: att_bm32_bn64_bk32_nonkdim16/smci355-ccs-aus-n11-29/78181_gfx950_code_object_id_13.out
E20251226 04:59:55.370106 139966804262336 output_stream.cpp:111] Opened result file: att_bm32_bn64_bk32_nonkdim16/smci355-ccs-aus-n11-29/78181_gfx950_code_object_id_14.out
E20251226 04:59:55.375254 139678567102016 output_stream.cpp:111] Opened result file: att_bm32_bn64_bk32_nonkdim16/smci355-ccs-aus-n11-29/78181_44292_shader_engine_0_32.att
E20251226 04:59:55.377629 139678567102016 output_stream.cpp:111] Opened result file: att_bm32_bn64_bk32_nonkdim16/smci355-ccs-aus-n11-29/78181_44292_shader_engine_1_32.att
E20251226 04:59:55.378373 139678567102016 output_stream.cpp:111] Opened result file: att_bm32_bn64_bk32_nonkdim16/smci355-ccs-aus-n11-29/78181_44292_shader_engine_2_32.att
E20251226 04:59:55.380367 139678567102016 output_stream.cpp:111] Opened result file: att_bm32_bn64_bk32_nonkdim16/smci355-ccs-aus-n11-29/78181_44292_shader_engine_3_32.att
matmul-performance-BM32-BN64-BK32-mfma16:
        M       N       K  Triton (TFLOPS)
0  4096.0  4096.0  4096.0       378.700041
W20251226 04:59:55.593603 139966804262336 simple_timer.cpp:55] [rocprofv3] 'python test.matmul.padded.bash.py --BM 32 --BN 64 --BK 32 --nonKDim 16' ::     5.573512 sec
E20251226 04:59:55.677763 139966804262336 output_stream.cpp:111] Opened result file: att_bm32_bn64_bk32_nonkdim16/smci355-ccs-aus-n11-29/78181_results.json
W20251226 04:59:57.248106 139966804262336 simple_timer.cpp:55] [rocprofv3] tool finalization ::     1.570739 sec
Running: BM=32, BN=64, BK=32, nonKDim=32
W20251226 04:59:57.882837 140704796614080 simple_timer.cpp:55] [rocprofv3] tool initialization ::     0.140251 sec
W20251226 04:59:57.883128 140704796614080 simple_timer.cpp:55] [rocprofv3] 'python test.matmul.padded.bash.py --BM 32 --BN 64 --BK 32 --nonKDim 32' ::     0.000000 sec
W20251226 04:59:59.093217 140704796614080 tool.cpp:2158] HSA version 8.18.0 initialized (instance=0)
Running benchmark with BM=32, BN=64, BK=32, MFMA_nonKDim32
E20251226 04:59:59.428835 140704796614080 output_stream.cpp:111] Opened result file: att_bm32_bn64_bk32_nonkdim32/smci355-ccs-aus-n11-29/78251_gfx950_code_object_id_1.out
E20251226 04:59:59.562643 140704796614080 output_stream.cpp:111] Opened result file: att_bm32_bn64_bk32_nonkdim32/smci355-ccs-aus-n11-29/78251_gfx950_code_object_id_2.out
E20251226 04:59:59.750984 140704796614080 output_stream.cpp:111] Opened result file: att_bm32_bn64_bk32_nonkdim32/smci355-ccs-aus-n11-29/78251_gfx950_code_object_id_3.out
use_block_pingpong=True
options.num_stages=2
E20251226 05:00:03.061683 140704796614080 output_stream.cpp:111] Opened result file: att_bm32_bn64_bk32_nonkdim32/smci355-ccs-aus-n11-29/78251_gfx950_code_object_id_4.out
E20251226 05:00:03.135024 140704796614080 output_stream.cpp:111] Opened result file: att_bm32_bn64_bk32_nonkdim32/smci355-ccs-aus-n11-29/78251_gfx950_code_object_id_5.out
E20251226 05:00:03.226603 140704796614080 output_stream.cpp:111] Opened result file: att_bm32_bn64_bk32_nonkdim32/smci355-ccs-aus-n11-29/78251_gfx950_code_object_id_6.out
E20251226 05:00:03.252096 140704796614080 output_stream.cpp:111] Opened result file: att_bm32_bn64_bk32_nonkdim32/smci355-ccs-aus-n11-29/78251_gfx950_code_object_id_7.out
E20251226 05:00:03.358971 140704796614080 output_stream.cpp:111] Opened result file: att_bm32_bn64_bk32_nonkdim32/smci355-ccs-aus-n11-29/78251_gfx950_code_object_id_8.out
E20251226 05:00:03.389484 140704796614080 output_stream.cpp:111] Opened result file: att_bm32_bn64_bk32_nonkdim32/smci355-ccs-aus-n11-29/78251_gfx950_code_object_id_9.out
E20251226 05:00:03.483917 140704796614080 output_stream.cpp:111] Opened result file: att_bm32_bn64_bk32_nonkdim32/smci355-ccs-aus-n11-29/78251_gfx950_code_object_id_10.out
E20251226 05:00:03.499684 140704796614080 output_stream.cpp:111] Opened result file: att_bm32_bn64_bk32_nonkdim32/smci355-ccs-aus-n11-29/78251_gfx950_code_object_id_11.out
E20251226 05:00:03.514569 140704796614080 output_stream.cpp:111] Opened result file: att_bm32_bn64_bk32_nonkdim32/smci355-ccs-aus-n11-29/78251_gfx950_code_object_id_12.out
✅ Triton and Torch match
E20251226 05:00:03.765437 140704796614080 output_stream.cpp:111] Opened result file: att_bm32_bn64_bk32_nonkdim32/smci355-ccs-aus-n11-29/78251_gfx950_code_object_id_13.out
E20251226 05:00:03.775757 140704796614080 output_stream.cpp:111] Opened result file: att_bm32_bn64_bk32_nonkdim32/smci355-ccs-aus-n11-29/78251_gfx950_code_object_id_14.out
E20251226 05:00:03.781829 140416575862336 output_stream.cpp:111] Opened result file: att_bm32_bn64_bk32_nonkdim32/smci355-ccs-aus-n11-29/78251_6031_shader_engine_0_32.att
E20251226 05:00:03.784833 140416575862336 output_stream.cpp:111] Opened result file: att_bm32_bn64_bk32_nonkdim32/smci355-ccs-aus-n11-29/78251_6031_shader_engine_1_32.att
E20251226 05:00:03.785783 140416575862336 output_stream.cpp:111] Opened result file: att_bm32_bn64_bk32_nonkdim32/smci355-ccs-aus-n11-29/78251_6031_shader_engine_2_32.att
E20251226 05:00:03.788524 140416575862336 output_stream.cpp:111] Opened result file: att_bm32_bn64_bk32_nonkdim32/smci355-ccs-aus-n11-29/78251_6031_shader_engine_3_32.att
matmul-performance-BM32-BN64-BK32-mfma32:
        M       N       K  Triton (TFLOPS)
0  4096.0  4096.0  4096.0       220.380107
W20251226 05:00:04.010231 140704796614080 simple_timer.cpp:55] [rocprofv3] 'python test.matmul.padded.bash.py --BM 32 --BN 64 --BK 32 --nonKDim 32' ::     6.127103 sec
E20251226 05:00:04.092054 140704796614080 output_stream.cpp:111] Opened result file: att_bm32_bn64_bk32_nonkdim32/smci355-ccs-aus-n11-29/78251_results.json
W20251226 05:00:06.402836 140704796614080 simple_timer.cpp:55] [rocprofv3] tool finalization ::     2.311165 sec
Running: BM=32, BN=64, BK=64, nonKDim=16
W20251226 05:00:07.036885 139878056562112 simple_timer.cpp:55] [rocprofv3] tool initialization ::     0.139787 sec
W20251226 05:00:07.037230 139878056562112 simple_timer.cpp:55] [rocprofv3] 'python test.matmul.padded.bash.py --BM 32 --BN 64 --BK 64 --nonKDim 16' ::     0.000000 sec
W20251226 05:00:08.282399 139878056562112 tool.cpp:2158] HSA version 8.18.0 initialized (instance=0)
Running benchmark with BM=32, BN=64, BK=64, MFMA_nonKDim16
E20251226 05:00:08.614602 139878056562112 output_stream.cpp:111] Opened result file: att_bm32_bn64_bk64_nonkdim16/smci355-ccs-aus-n11-29/78321_gfx950_code_object_id_1.out
E20251226 05:00:08.778890 139878056562112 output_stream.cpp:111] Opened result file: att_bm32_bn64_bk64_nonkdim16/smci355-ccs-aus-n11-29/78321_gfx950_code_object_id_2.out
E20251226 05:00:08.966730 139878056562112 output_stream.cpp:111] Opened result file: att_bm32_bn64_bk64_nonkdim16/smci355-ccs-aus-n11-29/78321_gfx950_code_object_id_3.out
use_block_pingpong=True
options.num_stages=2
E20251226 05:00:11.840324 139878056562112 output_stream.cpp:111] Opened result file: att_bm32_bn64_bk64_nonkdim16/smci355-ccs-aus-n11-29/78321_gfx950_code_object_id_4.out
E20251226 05:00:11.915658 139878056562112 output_stream.cpp:111] Opened result file: att_bm32_bn64_bk64_nonkdim16/smci355-ccs-aus-n11-29/78321_gfx950_code_object_id_5.out
E20251226 05:00:12.008509 139878056562112 output_stream.cpp:111] Opened result file: att_bm32_bn64_bk64_nonkdim16/smci355-ccs-aus-n11-29/78321_gfx950_code_object_id_6.out
E20251226 05:00:12.033682 139878056562112 output_stream.cpp:111] Opened result file: att_bm32_bn64_bk64_nonkdim16/smci355-ccs-aus-n11-29/78321_gfx950_code_object_id_7.out
E20251226 05:00:12.139785 139878056562112 output_stream.cpp:111] Opened result file: att_bm32_bn64_bk64_nonkdim16/smci355-ccs-aus-n11-29/78321_gfx950_code_object_id_8.out
E20251226 05:00:12.170530 139878056562112 output_stream.cpp:111] Opened result file: att_bm32_bn64_bk64_nonkdim16/smci355-ccs-aus-n11-29/78321_gfx950_code_object_id_9.out
E20251226 05:00:12.263175 139878056562112 output_stream.cpp:111] Opened result file: att_bm32_bn64_bk64_nonkdim16/smci355-ccs-aus-n11-29/78321_gfx950_code_object_id_10.out
E20251226 05:00:12.278777 139878056562112 output_stream.cpp:111] Opened result file: att_bm32_bn64_bk64_nonkdim16/smci355-ccs-aus-n11-29/78321_gfx950_code_object_id_11.out
E20251226 05:00:12.293900 139878056562112 output_stream.cpp:111] Opened result file: att_bm32_bn64_bk64_nonkdim16/smci355-ccs-aus-n11-29/78321_gfx950_code_object_id_12.out
✅ Triton and Torch match
E20251226 05:00:12.544604 139878056562112 output_stream.cpp:111] Opened result file: att_bm32_bn64_bk64_nonkdim16/smci355-ccs-aus-n11-29/78321_gfx950_code_object_id_13.out
E20251226 05:00:12.554777 139878056562112 output_stream.cpp:111] Opened result file: att_bm32_bn64_bk64_nonkdim16/smci355-ccs-aus-n11-29/78321_gfx950_code_object_id_14.out
E20251226 05:00:12.559566 139589861766720 output_stream.cpp:111] Opened result file: att_bm32_bn64_bk64_nonkdim16/smci355-ccs-aus-n11-29/78321_10047_shader_engine_0_32.att
E20251226 05:00:12.561244 139589861766720 output_stream.cpp:111] Opened result file: att_bm32_bn64_bk64_nonkdim16/smci355-ccs-aus-n11-29/78321_10047_shader_engine_1_32.att
E20251226 05:00:12.561848 139589861766720 output_stream.cpp:111] Opened result file: att_bm32_bn64_bk64_nonkdim16/smci355-ccs-aus-n11-29/78321_10047_shader_engine_2_32.att
E20251226 05:00:12.563318 139589861766720 output_stream.cpp:111] Opened result file: att_bm32_bn64_bk64_nonkdim16/smci355-ccs-aus-n11-29/78321_10047_shader_engine_3_32.att
matmul-performance-BM32-BN64-BK64-mfma16:
        M       N       K  Triton (TFLOPS)
0  4096.0  4096.0  4096.0       445.359885
W20251226 05:00:12.771827 139878056562112 simple_timer.cpp:55] [rocprofv3] 'python test.matmul.padded.bash.py --BM 32 --BN 64 --BK 64 --nonKDim 16' ::     5.734598 sec
E20251226 05:00:12.856625 139878056562112 output_stream.cpp:111] Opened result file: att_bm32_bn64_bk64_nonkdim16/smci355-ccs-aus-n11-29/78321_results.json
W20251226 05:00:13.939544 139878056562112 simple_timer.cpp:55] [rocprofv3] tool finalization ::     1.083302 sec
Running: BM=32, BN=64, BK=64, nonKDim=32
W20251226 05:00:14.576633 140629589859776 simple_timer.cpp:55] [rocprofv3] tool initialization ::     0.142303 sec
W20251226 05:00:14.576982 140629589859776 simple_timer.cpp:55] [rocprofv3] 'python test.matmul.padded.bash.py --BM 32 --BN 64 --BK 64 --nonKDim 32' ::     0.000000 sec
W20251226 05:00:15.841377 140629589859776 tool.cpp:2158] HSA version 8.18.0 initialized (instance=0)
Running benchmark with BM=32, BN=64, BK=64, MFMA_nonKDim32
E20251226 05:00:16.172965 140629589859776 output_stream.cpp:111] Opened result file: att_bm32_bn64_bk64_nonkdim32/smci355-ccs-aus-n11-29/78391_gfx950_code_object_id_1.out
E20251226 05:00:16.342720 140629589859776 output_stream.cpp:111] Opened result file: att_bm32_bn64_bk64_nonkdim32/smci355-ccs-aus-n11-29/78391_gfx950_code_object_id_2.out
E20251226 05:00:16.536334 140629589859776 output_stream.cpp:111] Opened result file: att_bm32_bn64_bk64_nonkdim32/smci355-ccs-aus-n11-29/78391_gfx950_code_object_id_3.out
use_block_pingpong=True
options.num_stages=2
E20251226 05:00:20.141013 140629589859776 output_stream.cpp:111] Opened result file: att_bm32_bn64_bk64_nonkdim32/smci355-ccs-aus-n11-29/78391_gfx950_code_object_id_4.out
E20251226 05:00:20.214883 140629589859776 output_stream.cpp:111] Opened result file: att_bm32_bn64_bk64_nonkdim32/smci355-ccs-aus-n11-29/78391_gfx950_code_object_id_5.out
E20251226 05:00:20.310151 140629589859776 output_stream.cpp:111] Opened result file: att_bm32_bn64_bk64_nonkdim32/smci355-ccs-aus-n11-29/78391_gfx950_code_object_id_6.out
E20251226 05:00:20.335877 140629589859776 output_stream.cpp:111] Opened result file: att_bm32_bn64_bk64_nonkdim32/smci355-ccs-aus-n11-29/78391_gfx950_code_object_id_7.out
E20251226 05:00:20.443939 140629589859776 output_stream.cpp:111] Opened result file: att_bm32_bn64_bk64_nonkdim32/smci355-ccs-aus-n11-29/78391_gfx950_code_object_id_8.out
E20251226 05:00:20.474992 140629589859776 output_stream.cpp:111] Opened result file: att_bm32_bn64_bk64_nonkdim32/smci355-ccs-aus-n11-29/78391_gfx950_code_object_id_9.out
E20251226 05:00:20.571023 140629589859776 output_stream.cpp:111] Opened result file: att_bm32_bn64_bk64_nonkdim32/smci355-ccs-aus-n11-29/78391_gfx950_code_object_id_10.out
E20251226 05:00:20.586175 140629589859776 output_stream.cpp:111] Opened result file: att_bm32_bn64_bk64_nonkdim32/smci355-ccs-aus-n11-29/78391_gfx950_code_object_id_11.out
E20251226 05:00:20.600897 140629589859776 output_stream.cpp:111] Opened result file: att_bm32_bn64_bk64_nonkdim32/smci355-ccs-aus-n11-29/78391_gfx950_code_object_id_12.out
✅ Triton and Torch match
E20251226 05:00:20.851893 140629589859776 output_stream.cpp:111] Opened result file: att_bm32_bn64_bk64_nonkdim32/smci355-ccs-aus-n11-29/78391_gfx950_code_object_id_13.out
E20251226 05:00:20.862184 140629589859776 output_stream.cpp:111] Opened result file: att_bm32_bn64_bk64_nonkdim32/smci355-ccs-aus-n11-29/78391_gfx950_code_object_id_14.out
E20251226 05:00:20.868029 140341413934656 output_stream.cpp:111] Opened result file: att_bm32_bn64_bk64_nonkdim32/smci355-ccs-aus-n11-29/78391_31285_shader_engine_0_32.att
E20251226 05:00:20.870508 140341413934656 output_stream.cpp:111] Opened result file: att_bm32_bn64_bk64_nonkdim32/smci355-ccs-aus-n11-29/78391_31285_shader_engine_1_32.att
E20251226 05:00:20.871309 140341413934656 output_stream.cpp:111] Opened result file: att_bm32_bn64_bk64_nonkdim32/smci355-ccs-aus-n11-29/78391_31285_shader_engine_2_32.att
E20251226 05:00:20.873457 140341413934656 output_stream.cpp:111] Opened result file: att_bm32_bn64_bk64_nonkdim32/smci355-ccs-aus-n11-29/78391_31285_shader_engine_3_32.att
matmul-performance-BM32-BN64-BK64-mfma32:
        M       N       K  Triton (TFLOPS)
0  4096.0  4096.0  4096.0       245.556494
W20251226 05:00:21.093993 140629589859776 simple_timer.cpp:55] [rocprofv3] 'python test.matmul.padded.bash.py --BM 32 --BN 64 --BK 64 --nonKDim 32' ::     6.517011 sec
E20251226 05:00:21.179406 140629589859776 output_stream.cpp:111] Opened result file: att_bm32_bn64_bk64_nonkdim32/smci355-ccs-aus-n11-29/78391_results.json
W20251226 05:00:22.891070 140629589859776 simple_timer.cpp:55] [rocprofv3] tool finalization ::     1.712042 sec
Running: BM=32, BN=64, BK=128, nonKDim=16
W20251226 05:00:23.523165 140461873438144 simple_timer.cpp:55] [rocprofv3] tool initialization ::     0.139737 sec
W20251226 05:00:23.523525 140461873438144 simple_timer.cpp:55] [rocprofv3] 'python test.matmul.padded.bash.py --BM 32 --BN 64 --BK 128 --nonKDim 16' ::     0.000000 sec
W20251226 05:00:24.737077 140461873438144 tool.cpp:2158] HSA version 8.18.0 initialized (instance=0)
Running benchmark with BM=32, BN=64, BK=128, MFMA_nonKDim16
E20251226 05:00:25.075232 140461873438144 output_stream.cpp:111] Opened result file: att_bm32_bn64_bk128_nonkdim16/smci355-ccs-aus-n11-29/78461_gfx950_code_object_id_1.out
E20251226 05:00:25.227640 140461873438144 output_stream.cpp:111] Opened result file: att_bm32_bn64_bk128_nonkdim16/smci355-ccs-aus-n11-29/78461_gfx950_code_object_id_2.out
E20251226 05:00:25.423838 140461873438144 output_stream.cpp:111] Opened result file: att_bm32_bn64_bk128_nonkdim16/smci355-ccs-aus-n11-29/78461_gfx950_code_object_id_3.out
use_block_pingpong=True
options.num_stages=2
E20251226 05:00:28.636574 140461873438144 output_stream.cpp:111] Opened result file: att_bm32_bn64_bk128_nonkdim16/smci355-ccs-aus-n11-29/78461_gfx950_code_object_id_4.out
E20251226 05:00:28.712695 140461873438144 output_stream.cpp:111] Opened result file: att_bm32_bn64_bk128_nonkdim16/smci355-ccs-aus-n11-29/78461_gfx950_code_object_id_5.out
E20251226 05:00:28.805926 140461873438144 output_stream.cpp:111] Opened result file: att_bm32_bn64_bk128_nonkdim16/smci355-ccs-aus-n11-29/78461_gfx950_code_object_id_6.out
E20251226 05:00:28.830988 140461873438144 output_stream.cpp:111] Opened result file: att_bm32_bn64_bk128_nonkdim16/smci355-ccs-aus-n11-29/78461_gfx950_code_object_id_7.out
E20251226 05:00:28.944928 140461873438144 output_stream.cpp:111] Opened result file: att_bm32_bn64_bk128_nonkdim16/smci355-ccs-aus-n11-29/78461_gfx950_code_object_id_8.out
E20251226 05:00:28.977348 140461873438144 output_stream.cpp:111] Opened result file: att_bm32_bn64_bk128_nonkdim16/smci355-ccs-aus-n11-29/78461_gfx950_code_object_id_9.out
E20251226 05:00:29.077632 140461873438144 output_stream.cpp:111] Opened result file: att_bm32_bn64_bk128_nonkdim16/smci355-ccs-aus-n11-29/78461_gfx950_code_object_id_10.out
E20251226 05:00:29.093128 140461873438144 output_stream.cpp:111] Opened result file: att_bm32_bn64_bk128_nonkdim16/smci355-ccs-aus-n11-29/78461_gfx950_code_object_id_11.out
E20251226 05:00:29.108227 140461873438144 output_stream.cpp:111] Opened result file: att_bm32_bn64_bk128_nonkdim16/smci355-ccs-aus-n11-29/78461_gfx950_code_object_id_12.out
✅ Triton and Torch match
E20251226 05:00:29.364862 140461873438144 output_stream.cpp:111] Opened result file: att_bm32_bn64_bk128_nonkdim16/smci355-ccs-aus-n11-29/78461_gfx950_code_object_id_13.out
E20251226 05:00:29.375185 140461873438144 output_stream.cpp:111] Opened result file: att_bm32_bn64_bk128_nonkdim16/smci355-ccs-aus-n11-29/78461_gfx950_code_object_id_14.out
E20251226 05:00:29.380043 140173641774656 output_stream.cpp:111] Opened result file: att_bm32_bn64_bk128_nonkdim16/smci355-ccs-aus-n11-29/78461_45991_shader_engine_0_32.att
E20251226 05:00:29.382034 140173641774656 output_stream.cpp:111] Opened result file: att_bm32_bn64_bk128_nonkdim16/smci355-ccs-aus-n11-29/78461_45991_shader_engine_1_32.att
E20251226 05:00:29.382653 140173641774656 output_stream.cpp:111] Opened result file: att_bm32_bn64_bk128_nonkdim16/smci355-ccs-aus-n11-29/78461_45991_shader_engine_2_32.att
E20251226 05:00:29.384103 140173641774656 output_stream.cpp:111] Opened result file: att_bm32_bn64_bk128_nonkdim16/smci355-ccs-aus-n11-29/78461_45991_shader_engine_3_32.att
matmul-performance-BM32-BN64-BK128-mfma16:
        M       N       K  Triton (TFLOPS)
0  4096.0  4096.0  4096.0       439.858135
W20251226 05:00:29.603932 140461873438144 simple_timer.cpp:55] [rocprofv3] 'python test.matmul.padded.bash.py --BM 32 --BN 64 --BK 128 --nonKDim 16' ::     6.080407 sec
E20251226 05:00:29.686759 140461873438144 output_stream.cpp:111] Opened result file: att_bm32_bn64_bk128_nonkdim16/smci355-ccs-aus-n11-29/78461_results.json
W20251226 05:00:30.650845 140461873438144 simple_timer.cpp:55] [rocprofv3] tool finalization ::     0.964548 sec
Running: BM=32, BN=64, BK=128, nonKDim=32
W20251226 05:00:31.297263 139918595620288 simple_timer.cpp:55] [rocprofv3] tool initialization ::     0.139239 sec
W20251226 05:00:31.297601 139918595620288 simple_timer.cpp:55] [rocprofv3] 'python test.matmul.padded.bash.py --BM 32 --BN 64 --BK 128 --nonKDim 32' ::     0.000000 sec
W20251226 05:00:32.552851 139918595620288 tool.cpp:2158] HSA version 8.18.0 initialized (instance=0)
Running benchmark with BM=32, BN=64, BK=128, MFMA_nonKDim32
E20251226 05:00:32.899363 139918595620288 output_stream.cpp:111] Opened result file: att_bm32_bn64_bk128_nonkdim32/smci355-ccs-aus-n11-29/78531_gfx950_code_object_id_1.out
E20251226 05:00:33.053541 139918595620288 output_stream.cpp:111] Opened result file: att_bm32_bn64_bk128_nonkdim32/smci355-ccs-aus-n11-29/78531_gfx950_code_object_id_2.out
E20251226 05:00:33.236645 139918595620288 output_stream.cpp:111] Opened result file: att_bm32_bn64_bk128_nonkdim32/smci355-ccs-aus-n11-29/78531_gfx950_code_object_id_3.out
use_block_pingpong=True
options.num_stages=2
E20251226 05:00:37.409288 139918595620288 output_stream.cpp:111] Opened result file: att_bm32_bn64_bk128_nonkdim32/smci355-ccs-aus-n11-29/78531_gfx950_code_object_id_4.out
E20251226 05:00:37.483144 139918595620288 output_stream.cpp:111] Opened result file: att_bm32_bn64_bk128_nonkdim32/smci355-ccs-aus-n11-29/78531_gfx950_code_object_id_5.out
E20251226 05:00:37.577268 139918595620288 output_stream.cpp:111] Opened result file: att_bm32_bn64_bk128_nonkdim32/smci355-ccs-aus-n11-29/78531_gfx950_code_object_id_6.out
E20251226 05:00:37.602141 139918595620288 output_stream.cpp:111] Opened result file: att_bm32_bn64_bk128_nonkdim32/smci355-ccs-aus-n11-29/78531_gfx950_code_object_id_7.out
E20251226 05:00:37.707073 139918595620288 output_stream.cpp:111] Opened result file: att_bm32_bn64_bk128_nonkdim32/smci355-ccs-aus-n11-29/78531_gfx950_code_object_id_8.out
E20251226 05:00:37.717399 139918595620288 output_stream.cpp:111] Opened result file: att_bm32_bn64_bk128_nonkdim32/smci355-ccs-aus-n11-29/78531_gfx950_code_object_id_9.out
E20251226 05:00:37.810571 139918595620288 output_stream.cpp:111] Opened result file: att_bm32_bn64_bk128_nonkdim32/smci355-ccs-aus-n11-29/78531_gfx950_code_object_id_10.out
E20251226 05:00:37.826113 139918595620288 output_stream.cpp:111] Opened result file: att_bm32_bn64_bk128_nonkdim32/smci355-ccs-aus-n11-29/78531_gfx950_code_object_id_11.out
E20251226 05:00:37.840676 139918595620288 output_stream.cpp:111] Opened result file: att_bm32_bn64_bk128_nonkdim32/smci355-ccs-aus-n11-29/78531_gfx950_code_object_id_12.out
✅ Triton and Torch match
E20251226 05:00:38.091044 139918595620288 output_stream.cpp:111] Opened result file: att_bm32_bn64_bk128_nonkdim32/smci355-ccs-aus-n11-29/78531_gfx950_code_object_id_13.out
E20251226 05:00:38.124983 139918595620288 output_stream.cpp:111] Opened result file: att_bm32_bn64_bk128_nonkdim32/smci355-ccs-aus-n11-29/78531_gfx950_code_object_id_14.out
E20251226 05:00:38.130867 139630395520576 output_stream.cpp:111] Opened result file: att_bm32_bn64_bk128_nonkdim32/smci355-ccs-aus-n11-29/78531_55897_shader_engine_0_32.att
E20251226 05:00:38.133051 139630395520576 output_stream.cpp:111] Opened result file: att_bm32_bn64_bk128_nonkdim32/smci355-ccs-aus-n11-29/78531_55897_shader_engine_1_32.att
E20251226 05:00:38.133846 139630395520576 output_stream.cpp:111] Opened result file: att_bm32_bn64_bk128_nonkdim32/smci355-ccs-aus-n11-29/78531_55897_shader_engine_2_32.att
E20251226 05:00:38.135875 139630395520576 output_stream.cpp:111] Opened result file: att_bm32_bn64_bk128_nonkdim32/smci355-ccs-aus-n11-29/78531_55897_shader_engine_3_32.att
matmul-performance-BM32-BN64-BK128-mfma32:
        M       N       K  Triton (TFLOPS)
0  4096.0  4096.0  4096.0       223.418401
W20251226 05:00:38.331958 139918595620288 simple_timer.cpp:55] [rocprofv3] 'python test.matmul.padded.bash.py --BM 32 --BN 64 --BK 128 --nonKDim 32' ::     7.034357 sec
E20251226 05:00:38.417738 139918595620288 output_stream.cpp:111] Opened result file: att_bm32_bn64_bk128_nonkdim32/smci355-ccs-aus-n11-29/78531_results.json
W20251226 05:00:39.943874 139918595620288 simple_timer.cpp:55] [rocprofv3] tool finalization ::     1.526523 sec
Running: BM=32, BN=128, BK=32, nonKDim=16
W20251226 05:00:40.581948 139877288197568 simple_timer.cpp:55] [rocprofv3] tool initialization ::     0.142119 sec
W20251226 05:00:40.582304 139877288197568 simple_timer.cpp:55] [rocprofv3] 'python test.matmul.padded.bash.py --BM 32 --BN 128 --BK 32 --nonKDim 16' ::     0.000000 sec
W20251226 05:00:41.802076 139877288197568 tool.cpp:2158] HSA version 8.18.0 initialized (instance=0)
Running benchmark with BM=32, BN=128, BK=32, MFMA_nonKDim16
E20251226 05:00:42.137791 139877288197568 output_stream.cpp:111] Opened result file: att_bm32_bn128_bk32_nonkdim16/smci355-ccs-aus-n11-29/78601_gfx950_code_object_id_1.out
E20251226 05:00:42.289524 139877288197568 output_stream.cpp:111] Opened result file: att_bm32_bn128_bk32_nonkdim16/smci355-ccs-aus-n11-29/78601_gfx950_code_object_id_2.out
E20251226 05:00:42.349194 139877288197568 output_stream.cpp:111] Opened result file: att_bm32_bn128_bk32_nonkdim16/smci355-ccs-aus-n11-29/78601_gfx950_code_object_id_3.out
use_block_pingpong=True
options.num_stages=2
E20251226 05:00:45.253786 139877288197568 output_stream.cpp:111] Opened result file: att_bm32_bn128_bk32_nonkdim16/smci355-ccs-aus-n11-29/78601_gfx950_code_object_id_4.out
E20251226 05:00:45.328521 139877288197568 output_stream.cpp:111] Opened result file: att_bm32_bn128_bk32_nonkdim16/smci355-ccs-aus-n11-29/78601_gfx950_code_object_id_5.out
E20251226 05:00:45.419925 139877288197568 output_stream.cpp:111] Opened result file: att_bm32_bn128_bk32_nonkdim16/smci355-ccs-aus-n11-29/78601_gfx950_code_object_id_6.out
E20251226 05:00:45.445342 139877288197568 output_stream.cpp:111] Opened result file: att_bm32_bn128_bk32_nonkdim16/smci355-ccs-aus-n11-29/78601_gfx950_code_object_id_7.out
E20251226 05:00:45.482967 139877288197568 output_stream.cpp:111] Opened result file: att_bm32_bn128_bk32_nonkdim16/smci355-ccs-aus-n11-29/78601_gfx950_code_object_id_8.out
E20251226 05:00:45.515402 139877288197568 output_stream.cpp:111] Opened result file: att_bm32_bn128_bk32_nonkdim16/smci355-ccs-aus-n11-29/78601_gfx950_code_object_id_9.out
E20251226 05:00:45.543256 139877288197568 output_stream.cpp:111] Opened result file: att_bm32_bn128_bk32_nonkdim16/smci355-ccs-aus-n11-29/78601_gfx950_code_object_id_10.out
E20251226 05:00:45.558628 139877288197568 output_stream.cpp:111] Opened result file: att_bm32_bn128_bk32_nonkdim16/smci355-ccs-aus-n11-29/78601_gfx950_code_object_id_11.out
E20251226 05:00:45.573492 139877288197568 output_stream.cpp:111] Opened result file: att_bm32_bn128_bk32_nonkdim16/smci355-ccs-aus-n11-29/78601_gfx950_code_object_id_12.out
✅ Triton and Torch match
E20251226 05:00:45.827627 139877288197568 output_stream.cpp:111] Opened result file: att_bm32_bn128_bk32_nonkdim16/smci355-ccs-aus-n11-29/78601_gfx950_code_object_id_13.out
E20251226 05:00:45.837706 139877288197568 output_stream.cpp:111] Opened result file: att_bm32_bn128_bk32_nonkdim16/smci355-ccs-aus-n11-29/78601_gfx950_code_object_id_14.out
E20251226 05:00:45.842378 139589056460352 output_stream.cpp:111] Opened result file: att_bm32_bn128_bk32_nonkdim16/smci355-ccs-aus-n11-29/78601_46270_shader_engine_0_32.att
E20251226 05:00:45.844127 139589056460352 output_stream.cpp:111] Opened result file: att_bm32_bn128_bk32_nonkdim16/smci355-ccs-aus-n11-29/78601_46270_shader_engine_1_32.att
E20251226 05:00:45.844700 139589056460352 output_stream.cpp:111] Opened result file: att_bm32_bn128_bk32_nonkdim16/smci355-ccs-aus-n11-29/78601_46270_shader_engine_2_32.att
E20251226 05:00:45.846083 139589056460352 output_stream.cpp:111] Opened result file: att_bm32_bn128_bk32_nonkdim16/smci355-ccs-aus-n11-29/78601_46270_shader_engine_3_32.att
matmul-performance-BM32-BN128-BK32-mfma16:
        M       N       K  Triton (TFLOPS)
0  4096.0  4096.0  4096.0        483.18796
W20251226 05:00:46.058631 139877288197568 simple_timer.cpp:55] [rocprofv3] 'python test.matmul.padded.bash.py --BM 32 --BN 128 --BK 32 --nonKDim 16' ::     5.476327 sec
E20251226 05:00:46.143492 139877288197568 output_stream.cpp:111] Opened result file: att_bm32_bn128_bk32_nonkdim16/smci355-ccs-aus-n11-29/78601_results.json
W20251226 05:00:47.195140 139877288197568 simple_timer.cpp:55] [rocprofv3] tool finalization ::     1.052042 sec
Running: BM=32, BN=128, BK=32, nonKDim=32
W20251226 05:00:47.828691 139811101564352 simple_timer.cpp:55] [rocprofv3] tool initialization ::     0.139853 sec
W20251226 05:00:47.829043 139811101564352 simple_timer.cpp:55] [rocprofv3] 'python test.matmul.padded.bash.py --BM 32 --BN 128 --BK 32 --nonKDim 32' ::     0.000000 sec
W20251226 05:00:49.076826 139811101564352 tool.cpp:2158] HSA version 8.18.0 initialized (instance=0)
Running benchmark with BM=32, BN=128, BK=32, MFMA_nonKDim32
E20251226 05:00:49.409173 139811101564352 output_stream.cpp:111] Opened result file: att_bm32_bn128_bk32_nonkdim32/smci355-ccs-aus-n11-29/78671_gfx950_code_object_id_1.out
E20251226 05:00:49.559021 139811101564352 output_stream.cpp:111] Opened result file: att_bm32_bn128_bk32_nonkdim32/smci355-ccs-aus-n11-29/78671_gfx950_code_object_id_2.out
E20251226 05:00:49.746468 139811101564352 output_stream.cpp:111] Opened result file: att_bm32_bn128_bk32_nonkdim32/smci355-ccs-aus-n11-29/78671_gfx950_code_object_id_3.out
use_block_pingpong=True
options.num_stages=2
E20251226 05:00:52.723375 139811101564352 output_stream.cpp:111] Opened result file: att_bm32_bn128_bk32_nonkdim32/smci355-ccs-aus-n11-29/78671_gfx950_code_object_id_4.out
E20251226 05:00:52.798367 139811101564352 output_stream.cpp:111] Opened result file: att_bm32_bn128_bk32_nonkdim32/smci355-ccs-aus-n11-29/78671_gfx950_code_object_id_5.out
E20251226 05:00:52.890853 139811101564352 output_stream.cpp:111] Opened result file: att_bm32_bn128_bk32_nonkdim32/smci355-ccs-aus-n11-29/78671_gfx950_code_object_id_6.out
E20251226 05:00:52.916009 139811101564352 output_stream.cpp:111] Opened result file: att_bm32_bn128_bk32_nonkdim32/smci355-ccs-aus-n11-29/78671_gfx950_code_object_id_7.out
E20251226 05:00:53.022152 139811101564352 output_stream.cpp:111] Opened result file: att_bm32_bn128_bk32_nonkdim32/smci355-ccs-aus-n11-29/78671_gfx950_code_object_id_8.out
E20251226 05:00:53.053015 139811101564352 output_stream.cpp:111] Opened result file: att_bm32_bn128_bk32_nonkdim32/smci355-ccs-aus-n11-29/78671_gfx950_code_object_id_9.out
E20251226 05:00:53.146697 139811101564352 output_stream.cpp:111] Opened result file: att_bm32_bn128_bk32_nonkdim32/smci355-ccs-aus-n11-29/78671_gfx950_code_object_id_10.out
E20251226 05:00:53.162375 139811101564352 output_stream.cpp:111] Opened result file: att_bm32_bn128_bk32_nonkdim32/smci355-ccs-aus-n11-29/78671_gfx950_code_object_id_11.out
E20251226 05:00:53.176833 139811101564352 output_stream.cpp:111] Opened result file: att_bm32_bn128_bk32_nonkdim32/smci355-ccs-aus-n11-29/78671_gfx950_code_object_id_12.out
✅ Triton and Torch match
E20251226 05:00:53.427638 139811101564352 output_stream.cpp:111] Opened result file: att_bm32_bn128_bk32_nonkdim32/smci355-ccs-aus-n11-29/78671_gfx950_code_object_id_13.out
E20251226 05:00:53.437529 139811101564352 output_stream.cpp:111] Opened result file: att_bm32_bn128_bk32_nonkdim32/smci355-ccs-aus-n11-29/78671_gfx950_code_object_id_14.out
E20251226 05:00:53.442418 139522887120448 output_stream.cpp:111] Opened result file: att_bm32_bn128_bk32_nonkdim32/smci355-ccs-aus-n11-29/78671_21787_shader_engine_0_32.att
E20251226 05:00:53.444068 139522887120448 output_stream.cpp:111] Opened result file: att_bm32_bn128_bk32_nonkdim32/smci355-ccs-aus-n11-29/78671_21787_shader_engine_1_32.att
E20251226 05:00:53.444664 139522887120448 output_stream.cpp:111] Opened result file: att_bm32_bn128_bk32_nonkdim32/smci355-ccs-aus-n11-29/78671_21787_shader_engine_2_32.att
E20251226 05:00:53.446138 139522887120448 output_stream.cpp:111] Opened result file: att_bm32_bn128_bk32_nonkdim32/smci355-ccs-aus-n11-29/78671_21787_shader_engine_3_32.att
matmul-performance-BM32-BN128-BK32-mfma32:
        M       N       K  Triton (TFLOPS)
0  4096.0  4096.0  4096.0       429.707563
W20251226 05:00:53.655528 139811101564352 simple_timer.cpp:55] [rocprofv3] 'python test.matmul.padded.bash.py --BM 32 --BN 128 --BK 32 --nonKDim 32' ::     5.826485 sec
E20251226 05:00:53.736082 139811101564352 output_stream.cpp:111] Opened result file: att_bm32_bn128_bk32_nonkdim32/smci355-ccs-aus-n11-29/78671_results.json
W20251226 05:00:54.902551 139811101564352 simple_timer.cpp:55] [rocprofv3] tool finalization ::     1.167021 sec
Running: BM=32, BN=128, BK=64, nonKDim=16
W20251226 05:00:55.529526 139844398902720 simple_timer.cpp:55] [rocprofv3] tool initialization ::     0.139133 sec
W20251226 05:00:55.529875 139844398902720 simple_timer.cpp:55] [rocprofv3] 'python test.matmul.padded.bash.py --BM 32 --BN 128 --BK 64 --nonKDim 16' ::     0.000000 sec
W20251226 05:00:56.773535 139844398902720 tool.cpp:2158] HSA version 8.18.0 initialized (instance=0)
Running benchmark with BM=32, BN=128, BK=64, MFMA_nonKDim16
E20251226 05:00:57.111087 139844398902720 output_stream.cpp:111] Opened result file: att_bm32_bn128_bk64_nonkdim16/smci355-ccs-aus-n11-29/78741_gfx950_code_object_id_1.out
E20251226 05:00:57.265879 139844398902720 output_stream.cpp:111] Opened result file: att_bm32_bn128_bk64_nonkdim16/smci355-ccs-aus-n11-29/78741_gfx950_code_object_id_2.out
E20251226 05:00:57.451654 139844398902720 output_stream.cpp:111] Opened result file: att_bm32_bn128_bk64_nonkdim16/smci355-ccs-aus-n11-29/78741_gfx950_code_object_id_3.out
use_block_pingpong=True
options.num_stages=2
E20251226 05:01:00.561854 139844398902720 output_stream.cpp:111] Opened result file: att_bm32_bn128_bk64_nonkdim16/smci355-ccs-aus-n11-29/78741_gfx950_code_object_id_4.out
E20251226 05:01:00.635866 139844398902720 output_stream.cpp:111] Opened result file: att_bm32_bn128_bk64_nonkdim16/smci355-ccs-aus-n11-29/78741_gfx950_code_object_id_5.out
E20251226 05:01:00.728999 139844398902720 output_stream.cpp:111] Opened result file: att_bm32_bn128_bk64_nonkdim16/smci355-ccs-aus-n11-29/78741_gfx950_code_object_id_6.out
E20251226 05:01:00.753977 139844398902720 output_stream.cpp:111] Opened result file: att_bm32_bn128_bk64_nonkdim16/smci355-ccs-aus-n11-29/78741_gfx950_code_object_id_7.out
E20251226 05:01:00.860381 139844398902720 output_stream.cpp:111] Opened result file: att_bm32_bn128_bk64_nonkdim16/smci355-ccs-aus-n11-29/78741_gfx950_code_object_id_8.out
E20251226 05:01:00.890490 139844398902720 output_stream.cpp:111] Opened result file: att_bm32_bn128_bk64_nonkdim16/smci355-ccs-aus-n11-29/78741_gfx950_code_object_id_9.out
E20251226 05:01:00.984839 139844398902720 output_stream.cpp:111] Opened result file: att_bm32_bn128_bk64_nonkdim16/smci355-ccs-aus-n11-29/78741_gfx950_code_object_id_10.out
E20251226 05:01:01.000278 139844398902720 output_stream.cpp:111] Opened result file: att_bm32_bn128_bk64_nonkdim16/smci355-ccs-aus-n11-29/78741_gfx950_code_object_id_11.out
E20251226 05:01:01.015149 139844398902720 output_stream.cpp:111] Opened result file: att_bm32_bn128_bk64_nonkdim16/smci355-ccs-aus-n11-29/78741_gfx950_code_object_id_12.out
✅ Triton and Torch match
E20251226 05:01:01.264156 139844398902720 output_stream.cpp:111] Opened result file: att_bm32_bn128_bk64_nonkdim16/smci355-ccs-aus-n11-29/78741_gfx950_code_object_id_13.out
E20251226 05:01:01.274224 139844398902720 output_stream.cpp:111] Opened result file: att_bm32_bn128_bk64_nonkdim16/smci355-ccs-aus-n11-29/78741_gfx950_code_object_id_14.out
E20251226 05:01:01.278804 139556173116992 output_stream.cpp:111] Opened result file: att_bm32_bn128_bk64_nonkdim16/smci355-ccs-aus-n11-29/78741_47369_shader_engine_0_32.att
E20251226 05:01:01.280281 139556173116992 output_stream.cpp:111] Opened result file: att_bm32_bn128_bk64_nonkdim16/smci355-ccs-aus-n11-29/78741_47369_shader_engine_1_32.att
E20251226 05:01:01.280887 139556173116992 output_stream.cpp:111] Opened result file: att_bm32_bn128_bk64_nonkdim16/smci355-ccs-aus-n11-29/78741_47369_shader_engine_2_32.att
E20251226 05:01:01.282248 139556173116992 output_stream.cpp:111] Opened result file: att_bm32_bn128_bk64_nonkdim16/smci355-ccs-aus-n11-29/78741_47369_shader_engine_3_32.att
matmul-performance-BM32-BN128-BK64-mfma16:
        M       N       K  Triton (TFLOPS)
0  4096.0  4096.0  4096.0       519.653352
W20251226 05:01:01.489907 139844398902720 simple_timer.cpp:55] [rocprofv3] 'python test.matmul.padded.bash.py --BM 32 --BN 128 --BK 64 --nonKDim 16' ::     5.960032 sec
E20251226 05:01:01.573907 139844398902720 output_stream.cpp:111] Opened result file: att_bm32_bn128_bk64_nonkdim16/smci355-ccs-aus-n11-29/78741_results.json
W20251226 05:01:02.381259 139844398902720 simple_timer.cpp:55] [rocprofv3] tool finalization ::     0.807744 sec
Running: BM=32, BN=128, BK=64, nonKDim=32
W20251226 05:01:03.018141 139897779736000 simple_timer.cpp:55] [rocprofv3] tool initialization ::     0.139355 sec
W20251226 05:01:03.018508 139897779736000 simple_timer.cpp:55] [rocprofv3] 'python test.matmul.padded.bash.py --BM 32 --BN 128 --BK 64 --nonKDim 32' ::     0.000000 sec
W20251226 05:01:04.270310 139897779736000 tool.cpp:2158] HSA version 8.18.0 initialized (instance=0)
Running benchmark with BM=32, BN=128, BK=64, MFMA_nonKDim32
E20251226 05:01:04.609210 139897779736000 output_stream.cpp:111] Opened result file: att_bm32_bn128_bk64_nonkdim32/smci355-ccs-aus-n11-29/78811_gfx950_code_object_id_1.out
E20251226 05:01:04.796229 139897779736000 output_stream.cpp:111] Opened result file: att_bm32_bn128_bk64_nonkdim32/smci355-ccs-aus-n11-29/78811_gfx950_code_object_id_2.out
E20251226 05:01:04.980004 139897779736000 output_stream.cpp:111] Opened result file: att_bm32_bn128_bk64_nonkdim32/smci355-ccs-aus-n11-29/78811_gfx950_code_object_id_3.out
use_block_pingpong=True
options.num_stages=2
E20251226 05:01:08.174022 139897779736000 output_stream.cpp:111] Opened result file: att_bm32_bn128_bk64_nonkdim32/smci355-ccs-aus-n11-29/78811_gfx950_code_object_id_4.out
E20251226 05:01:08.246859 139897779736000 output_stream.cpp:111] Opened result file: att_bm32_bn128_bk64_nonkdim32/smci355-ccs-aus-n11-29/78811_gfx950_code_object_id_5.out
E20251226 05:01:08.339367 139897779736000 output_stream.cpp:111] Opened result file: att_bm32_bn128_bk64_nonkdim32/smci355-ccs-aus-n11-29/78811_gfx950_code_object_id_6.out
E20251226 05:01:08.364526 139897779736000 output_stream.cpp:111] Opened result file: att_bm32_bn128_bk64_nonkdim32/smci355-ccs-aus-n11-29/78811_gfx950_code_object_id_7.out
E20251226 05:01:08.469888 139897779736000 output_stream.cpp:111] Opened result file: att_bm32_bn128_bk64_nonkdim32/smci355-ccs-aus-n11-29/78811_gfx950_code_object_id_8.out
E20251226 05:01:08.499734 139897779736000 output_stream.cpp:111] Opened result file: att_bm32_bn128_bk64_nonkdim32/smci355-ccs-aus-n11-29/78811_gfx950_code_object_id_9.out
E20251226 05:01:08.592257 139897779736000 output_stream.cpp:111] Opened result file: att_bm32_bn128_bk64_nonkdim32/smci355-ccs-aus-n11-29/78811_gfx950_code_object_id_10.out
E20251226 05:01:08.607598 139897779736000 output_stream.cpp:111] Opened result file: att_bm32_bn128_bk64_nonkdim32/smci355-ccs-aus-n11-29/78811_gfx950_code_object_id_11.out
E20251226 05:01:08.621928 139897779736000 output_stream.cpp:111] Opened result file: att_bm32_bn128_bk64_nonkdim32/smci355-ccs-aus-n11-29/78811_gfx950_code_object_id_12.out
✅ Triton and Torch match
E20251226 05:01:08.875474 139897779736000 output_stream.cpp:111] Opened result file: att_bm32_bn128_bk64_nonkdim32/smci355-ccs-aus-n11-29/78811_gfx950_code_object_id_13.out
E20251226 05:01:08.885500 139897779736000 output_stream.cpp:111] Opened result file: att_bm32_bn128_bk64_nonkdim32/smci355-ccs-aus-n11-29/78811_gfx950_code_object_id_14.out
E20251226 05:01:08.890274 139609591772736 output_stream.cpp:111] Opened result file: att_bm32_bn128_bk64_nonkdim32/smci355-ccs-aus-n11-29/78811_34510_shader_engine_0_32.att
E20251226 05:01:08.892066 139609591772736 output_stream.cpp:111] Opened result file: att_bm32_bn128_bk64_nonkdim32/smci355-ccs-aus-n11-29/78811_34510_shader_engine_1_32.att
E20251226 05:01:08.892668 139609591772736 output_stream.cpp:111] Opened result file: att_bm32_bn128_bk64_nonkdim32/smci355-ccs-aus-n11-29/78811_34510_shader_engine_2_32.att
E20251226 05:01:08.894006 139609591772736 output_stream.cpp:111] Opened result file: att_bm32_bn128_bk64_nonkdim32/smci355-ccs-aus-n11-29/78811_34510_shader_engine_3_32.att
matmul-performance-BM32-BN128-BK64-mfma32:
        M       N       K  Triton (TFLOPS)
0  4096.0  4096.0  4096.0       449.789249
W20251226 05:01:09.105450 139897779736000 simple_timer.cpp:55] [rocprofv3] 'python test.matmul.padded.bash.py --BM 32 --BN 128 --BK 64 --nonKDim 32' ::     6.086943 sec
E20251226 05:01:09.189107 139897779736000 output_stream.cpp:111] Opened result file: att_bm32_bn128_bk64_nonkdim32/smci355-ccs-aus-n11-29/78811_results.json
W20251226 05:01:10.010524 139897779736000 simple_timer.cpp:55] [rocprofv3] tool finalization ::     0.821805 sec
Running: BM=32, BN=128, BK=128, nonKDim=16
W20251226 05:01:10.643008 139683751194048 simple_timer.cpp:55] [rocprofv3] tool initialization ::     0.138052 sec
W20251226 05:01:10.643376 139683751194048 simple_timer.cpp:55] [rocprofv3] 'python test.matmul.padded.bash.py --BM 32 --BN 128 --BK 128 --nonKDim 16' ::     0.000000 sec
W20251226 05:01:11.870666 139683751194048 tool.cpp:2158] HSA version 8.18.0 initialized (instance=0)
Running benchmark with BM=32, BN=128, BK=128, MFMA_nonKDim16
E20251226 05:01:12.207344 139683751194048 output_stream.cpp:111] Opened result file: att_bm32_bn128_bk128_nonkdim16/smci355-ccs-aus-n11-29/78881_gfx950_code_object_id_1.out
E20251226 05:01:12.392302 139683751194048 output_stream.cpp:111] Opened result file: att_bm32_bn128_bk128_nonkdim16/smci355-ccs-aus-n11-29/78881_gfx950_code_object_id_2.out
E20251226 05:01:12.486406 139683751194048 output_stream.cpp:111] Opened result file: att_bm32_bn128_bk128_nonkdim16/smci355-ccs-aus-n11-29/78881_gfx950_code_object_id_3.out
use_block_pingpong=True
options.num_stages=2
E20251226 05:01:16.187124 139683751194048 output_stream.cpp:111] Opened result file: att_bm32_bn128_bk128_nonkdim16/smci355-ccs-aus-n11-29/78881_gfx950_code_object_id_4.out
E20251226 05:01:16.261243 139683751194048 output_stream.cpp:111] Opened result file: att_bm32_bn128_bk128_nonkdim16/smci355-ccs-aus-n11-29/78881_gfx950_code_object_id_5.out
E20251226 05:01:16.353304 139683751194048 output_stream.cpp:111] Opened result file: att_bm32_bn128_bk128_nonkdim16/smci355-ccs-aus-n11-29/78881_gfx950_code_object_id_6.out
E20251226 05:01:16.378576 139683751194048 output_stream.cpp:111] Opened result file: att_bm32_bn128_bk128_nonkdim16/smci355-ccs-aus-n11-29/78881_gfx950_code_object_id_7.out
E20251226 05:01:16.434732 139683751194048 output_stream.cpp:111] Opened result file: att_bm32_bn128_bk128_nonkdim16/smci355-ccs-aus-n11-29/78881_gfx950_code_object_id_8.out
E20251226 05:01:16.466317 139683751194048 output_stream.cpp:111] Opened result file: att_bm32_bn128_bk128_nonkdim16/smci355-ccs-aus-n11-29/78881_gfx950_code_object_id_9.out
E20251226 05:01:16.512247 139683751194048 output_stream.cpp:111] Opened result file: att_bm32_bn128_bk128_nonkdim16/smci355-ccs-aus-n11-29/78881_gfx950_code_object_id_10.out
E20251226 05:01:16.527780 139683751194048 output_stream.cpp:111] Opened result file: att_bm32_bn128_bk128_nonkdim16/smci355-ccs-aus-n11-29/78881_gfx950_code_object_id_11.out
E20251226 05:01:16.543042 139683751194048 output_stream.cpp:111] Opened result file: att_bm32_bn128_bk128_nonkdim16/smci355-ccs-aus-n11-29/78881_gfx950_code_object_id_12.out
✅ Triton and Torch match
E20251226 05:01:16.801012 139683751194048 output_stream.cpp:111] Opened result file: att_bm32_bn128_bk128_nonkdim16/smci355-ccs-aus-n11-29/78881_gfx950_code_object_id_13.out
E20251226 05:01:16.810767 139683751194048 output_stream.cpp:111] Opened result file: att_bm32_bn128_bk128_nonkdim16/smci355-ccs-aus-n11-29/78881_gfx950_code_object_id_14.out
E20251226 05:01:16.815845 139395514496576 output_stream.cpp:111] Opened result file: att_bm32_bn128_bk128_nonkdim16/smci355-ccs-aus-n11-29/78881_28125_shader_engine_0_32.att
E20251226 05:01:16.817630 139395514496576 output_stream.cpp:111] Opened result file: att_bm32_bn128_bk128_nonkdim16/smci355-ccs-aus-n11-29/78881_28125_shader_engine_1_32.att
E20251226 05:01:16.818389 139395514496576 output_stream.cpp:111] Opened result file: att_bm32_bn128_bk128_nonkdim16/smci355-ccs-aus-n11-29/78881_28125_shader_engine_2_32.att
E20251226 05:01:16.819925 139395514496576 output_stream.cpp:111] Opened result file: att_bm32_bn128_bk128_nonkdim16/smci355-ccs-aus-n11-29/78881_28125_shader_engine_3_32.att
matmul-performance-BM32-BN128-BK128-mfma16:
        M       N       K  Triton (TFLOPS)
0  4096.0  4096.0  4096.0       339.470274
W20251226 05:01:17.029026 139683751194048 simple_timer.cpp:55] [rocprofv3] 'python test.matmul.padded.bash.py --BM 32 --BN 128 --BK 128 --nonKDim 16' ::     6.385650 sec
E20251226 05:01:17.113734 139683751194048 output_stream.cpp:111] Opened result file: att_bm32_bn128_bk128_nonkdim16/smci355-ccs-aus-n11-29/78881_results.json
W20251226 05:01:17.938880 139683751194048 simple_timer.cpp:55] [rocprofv3] tool finalization ::     0.825524 sec
Running: BM=32, BN=128, BK=128, nonKDim=32
W20251226 05:01:18.572291 140306648595904 simple_timer.cpp:55] [rocprofv3] tool initialization ::     0.137611 sec
W20251226 05:01:18.572598 140306648595904 simple_timer.cpp:55] [rocprofv3] 'python test.matmul.padded.bash.py --BM 32 --BN 128 --BK 128 --nonKDim 32' ::     0.000000 sec
W20251226 05:01:19.821853 140306648595904 tool.cpp:2158] HSA version 8.18.0 initialized (instance=0)
Running benchmark with BM=32, BN=128, BK=128, MFMA_nonKDim32
E20251226 05:01:20.168556 140306648595904 output_stream.cpp:111] Opened result file: att_bm32_bn128_bk128_nonkdim32/smci355-ccs-aus-n11-29/78951_gfx950_code_object_id_1.out
E20251226 05:01:20.346221 140306648595904 output_stream.cpp:111] Opened result file: att_bm32_bn128_bk128_nonkdim32/smci355-ccs-aus-n11-29/78951_gfx950_code_object_id_2.out
E20251226 05:01:20.545863 140306648595904 output_stream.cpp:111] Opened result file: att_bm32_bn128_bk128_nonkdim32/smci355-ccs-aus-n11-29/78951_gfx950_code_object_id_3.out
use_block_pingpong=True
options.num_stages=2
E20251226 05:01:24.308852 140306648595904 output_stream.cpp:111] Opened result file: att_bm32_bn128_bk128_nonkdim32/smci355-ccs-aus-n11-29/78951_gfx950_code_object_id_4.out
E20251226 05:01:24.384277 140306648595904 output_stream.cpp:111] Opened result file: att_bm32_bn128_bk128_nonkdim32/smci355-ccs-aus-n11-29/78951_gfx950_code_object_id_5.out
E20251226 05:01:24.478450 140306648595904 output_stream.cpp:111] Opened result file: att_bm32_bn128_bk128_nonkdim32/smci355-ccs-aus-n11-29/78951_gfx950_code_object_id_6.out
E20251226 05:01:24.503782 140306648595904 output_stream.cpp:111] Opened result file: att_bm32_bn128_bk128_nonkdim32/smci355-ccs-aus-n11-29/78951_gfx950_code_object_id_7.out
E20251226 05:01:24.614121 140306648595904 output_stream.cpp:111] Opened result file: att_bm32_bn128_bk128_nonkdim32/smci355-ccs-aus-n11-29/78951_gfx950_code_object_id_8.out
E20251226 05:01:24.644598 140306648595904 output_stream.cpp:111] Opened result file: att_bm32_bn128_bk128_nonkdim32/smci355-ccs-aus-n11-29/78951_gfx950_code_object_id_9.out
E20251226 05:01:24.743338 140306648595904 output_stream.cpp:111] Opened result file: att_bm32_bn128_bk128_nonkdim32/smci355-ccs-aus-n11-29/78951_gfx950_code_object_id_10.out
E20251226 05:01:24.758725 140306648595904 output_stream.cpp:111] Opened result file: att_bm32_bn128_bk128_nonkdim32/smci355-ccs-aus-n11-29/78951_gfx950_code_object_id_11.out
E20251226 05:01:24.772373 140306648595904 output_stream.cpp:111] Opened result file: att_bm32_bn128_bk128_nonkdim32/smci355-ccs-aus-n11-29/78951_gfx950_code_object_id_12.out
✅ Triton and Torch match
E20251226 05:01:25.027193 140306648595904 output_stream.cpp:111] Opened result file: att_bm32_bn128_bk128_nonkdim32/smci355-ccs-aus-n11-29/78951_gfx950_code_object_id_13.out
E20251226 05:01:25.037594 140306648595904 output_stream.cpp:111] Opened result file: att_bm32_bn128_bk128_nonkdim32/smci355-ccs-aus-n11-29/78951_gfx950_code_object_id_14.out
E20251226 05:01:25.042796 140018410583616 output_stream.cpp:111] Opened result file: att_bm32_bn128_bk128_nonkdim32/smci355-ccs-aus-n11-29/78951_61744_shader_engine_0_32.att
E20251226 05:01:25.044635 140018410583616 output_stream.cpp:111] Opened result file: att_bm32_bn128_bk128_nonkdim32/smci355-ccs-aus-n11-29/78951_61744_shader_engine_1_32.att
E20251226 05:01:25.045394 140018410583616 output_stream.cpp:111] Opened result file: att_bm32_bn128_bk128_nonkdim32/smci355-ccs-aus-n11-29/78951_61744_shader_engine_2_32.att
E20251226 05:01:25.046929 140018410583616 output_stream.cpp:111] Opened result file: att_bm32_bn128_bk128_nonkdim32/smci355-ccs-aus-n11-29/78951_61744_shader_engine_3_32.att
matmul-performance-BM32-BN128-BK128-mfma32:
        M       N       K  Triton (TFLOPS)
0  4096.0  4096.0  4096.0       332.216482
W20251226 05:01:25.261004 140306648595904 simple_timer.cpp:55] [rocprofv3] 'python test.matmul.padded.bash.py --BM 32 --BN 128 --BK 128 --nonKDim 32' ::     6.688406 sec
E20251226 05:01:25.343328 140306648595904 output_stream.cpp:111] Opened result file: att_bm32_bn128_bk128_nonkdim32/smci355-ccs-aus-n11-29/78951_results.json
W20251226 05:01:26.123478 140306648595904 simple_timer.cpp:55] [rocprofv3] tool finalization ::     0.780573 sec
Running: BM=64, BN=32, BK=32, nonKDim=16
W20251226 05:01:26.767738 139624488394176 simple_timer.cpp:55] [rocprofv3] tool initialization ::     0.145273 sec
W20251226 05:01:26.768084 139624488394176 simple_timer.cpp:55] [rocprofv3] 'python test.matmul.padded.bash.py --BM 64 --BN 32 --BK 32 --nonKDim 16' ::     0.000000 sec
W20251226 05:01:28.017825 139624488394176 tool.cpp:2158] HSA version 8.18.0 initialized (instance=0)
Running benchmark with BM=64, BN=32, BK=32, MFMA_nonKDim16
E20251226 05:01:28.354470 139624488394176 output_stream.cpp:111] Opened result file: att_bm64_bn32_bk32_nonkdim16/smci355-ccs-aus-n11-29/79021_gfx950_code_object_id_1.out
E20251226 05:01:28.522887 139624488394176 output_stream.cpp:111] Opened result file: att_bm64_bn32_bk32_nonkdim16/smci355-ccs-aus-n11-29/79021_gfx950_code_object_id_2.out
E20251226 05:01:28.710693 139624488394176 output_stream.cpp:111] Opened result file: att_bm64_bn32_bk32_nonkdim16/smci355-ccs-aus-n11-29/79021_gfx950_code_object_id_3.out
use_block_pingpong=True
options.num_stages=2
E20251226 05:01:31.461563 139624488394176 output_stream.cpp:111] Opened result file: att_bm64_bn32_bk32_nonkdim16/smci355-ccs-aus-n11-29/79021_gfx950_code_object_id_4.out
E20251226 05:01:31.535402 139624488394176 output_stream.cpp:111] Opened result file: att_bm64_bn32_bk32_nonkdim16/smci355-ccs-aus-n11-29/79021_gfx950_code_object_id_5.out
E20251226 05:01:31.626532 139624488394176 output_stream.cpp:111] Opened result file: att_bm64_bn32_bk32_nonkdim16/smci355-ccs-aus-n11-29/79021_gfx950_code_object_id_6.out
E20251226 05:01:31.651381 139624488394176 output_stream.cpp:111] Opened result file: att_bm64_bn32_bk32_nonkdim16/smci355-ccs-aus-n11-29/79021_gfx950_code_object_id_7.out
E20251226 05:01:31.756444 139624488394176 output_stream.cpp:111] Opened result file: att_bm64_bn32_bk32_nonkdim16/smci355-ccs-aus-n11-29/79021_gfx950_code_object_id_8.out
E20251226 05:01:31.785844 139624488394176 output_stream.cpp:111] Opened result file: att_bm64_bn32_bk32_nonkdim16/smci355-ccs-aus-n11-29/79021_gfx950_code_object_id_9.out
E20251226 05:01:31.879135 139624488394176 output_stream.cpp:111] Opened result file: att_bm64_bn32_bk32_nonkdim16/smci355-ccs-aus-n11-29/79021_gfx950_code_object_id_10.out
E20251226 05:01:31.894576 139624488394176 output_stream.cpp:111] Opened result file: att_bm64_bn32_bk32_nonkdim16/smci355-ccs-aus-n11-29/79021_gfx950_code_object_id_11.out
E20251226 05:01:31.907576 139624488394176 output_stream.cpp:111] Opened result file: att_bm64_bn32_bk32_nonkdim16/smci355-ccs-aus-n11-29/79021_gfx950_code_object_id_12.out
✅ Triton and Torch match
E20251226 05:01:32.155566 139624488394176 output_stream.cpp:111] Opened result file: att_bm64_bn32_bk32_nonkdim16/smci355-ccs-aus-n11-29/79021_gfx950_code_object_id_13.out
E20251226 05:01:32.165788 139624488394176 output_stream.cpp:111] Opened result file: att_bm64_bn32_bk32_nonkdim16/smci355-ccs-aus-n11-29/79021_gfx950_code_object_id_14.out
E20251226 05:01:32.171527 139336257369664 output_stream.cpp:111] Opened result file: att_bm64_bn32_bk32_nonkdim16/smci355-ccs-aus-n11-29/79021_45874_shader_engine_0_32.att
E20251226 05:01:32.173971 139336257369664 output_stream.cpp:111] Opened result file: att_bm64_bn32_bk32_nonkdim16/smci355-ccs-aus-n11-29/79021_45874_shader_engine_1_32.att
E20251226 05:01:32.174881 139336257369664 output_stream.cpp:111] Opened result file: att_bm64_bn32_bk32_nonkdim16/smci355-ccs-aus-n11-29/79021_45874_shader_engine_2_32.att
E20251226 05:01:32.177229 139336257369664 output_stream.cpp:111] Opened result file: att_bm64_bn32_bk32_nonkdim16/smci355-ccs-aus-n11-29/79021_45874_shader_engine_3_32.att
matmul-performance-BM64-BN32-BK32-mfma16:
        M       N       K  Triton (TFLOPS)
0  4096.0  4096.0  4096.0       243.580721
W20251226 05:01:32.391045 139624488394176 simple_timer.cpp:55] [rocprofv3] 'python test.matmul.padded.bash.py --BM 64 --BN 32 --BK 32 --nonKDim 16' ::     5.622961 sec
E20251226 05:01:32.477331 139624488394176 output_stream.cpp:111] Opened result file: att_bm64_bn32_bk32_nonkdim16/smci355-ccs-aus-n11-29/79021_results.json
W20251226 05:01:34.123125 139624488394176 simple_timer.cpp:55] [rocprofv3] tool finalization ::     1.646179 sec
Running: BM=64, BN=32, BK=32, nonKDim=32
W20251226 05:01:34.751622 140454682123712 simple_timer.cpp:55] [rocprofv3] tool initialization ::     0.138683 sec
W20251226 05:01:34.751965 140454682123712 simple_timer.cpp:55] [rocprofv3] 'python test.matmul.padded.bash.py --BM 64 --BN 32 --BK 32 --nonKDim 32' ::     0.000000 sec
W20251226 05:01:36.012033 140454682123712 tool.cpp:2158] HSA version 8.18.0 initialized (instance=0)
Running benchmark with BM=64, BN=32, BK=32, MFMA_nonKDim32
E20251226 05:01:36.350210 140454682123712 output_stream.cpp:111] Opened result file: att_bm64_bn32_bk32_nonkdim32/smci355-ccs-aus-n11-29/79091_gfx950_code_object_id_1.out
E20251226 05:01:36.514825 140454682123712 output_stream.cpp:111] Opened result file: att_bm64_bn32_bk32_nonkdim32/smci355-ccs-aus-n11-29/79091_gfx950_code_object_id_2.out
E20251226 05:01:36.694783 140454682123712 output_stream.cpp:111] Opened result file: att_bm64_bn32_bk32_nonkdim32/smci355-ccs-aus-n11-29/79091_gfx950_code_object_id_3.out
use_block_pingpong=True
options.num_stages=2
E20251226 05:01:39.671303 140454682123712 output_stream.cpp:111] Opened result file: att_bm64_bn32_bk32_nonkdim32/smci355-ccs-aus-n11-29/79091_gfx950_code_object_id_4.out
E20251226 05:01:39.744538 140454682123712 output_stream.cpp:111] Opened result file: att_bm64_bn32_bk32_nonkdim32/smci355-ccs-aus-n11-29/79091_gfx950_code_object_id_5.out
E20251226 05:01:39.837957 140454682123712 output_stream.cpp:111] Opened result file: att_bm64_bn32_bk32_nonkdim32/smci355-ccs-aus-n11-29/79091_gfx950_code_object_id_6.out
E20251226 05:01:39.863144 140454682123712 output_stream.cpp:111] Opened result file: att_bm64_bn32_bk32_nonkdim32/smci355-ccs-aus-n11-29/79091_gfx950_code_object_id_7.out
E20251226 05:01:39.965996 140454682123712 output_stream.cpp:111] Opened result file: att_bm64_bn32_bk32_nonkdim32/smci355-ccs-aus-n11-29/79091_gfx950_code_object_id_8.out
E20251226 05:01:39.995335 140454682123712 output_stream.cpp:111] Opened result file: att_bm64_bn32_bk32_nonkdim32/smci355-ccs-aus-n11-29/79091_gfx950_code_object_id_9.out
E20251226 05:01:40.085860 140454682123712 output_stream.cpp:111] Opened result file: att_bm64_bn32_bk32_nonkdim32/smci355-ccs-aus-n11-29/79091_gfx950_code_object_id_10.out
E20251226 05:01:40.101288 140454682123712 output_stream.cpp:111] Opened result file: att_bm64_bn32_bk32_nonkdim32/smci355-ccs-aus-n11-29/79091_gfx950_code_object_id_11.out
E20251226 05:01:40.114878 140454682123712 output_stream.cpp:111] Opened result file: att_bm64_bn32_bk32_nonkdim32/smci355-ccs-aus-n11-29/79091_gfx950_code_object_id_12.out
✅ Triton and Torch match
E20251226 05:01:40.366551 140454682123712 output_stream.cpp:111] Opened result file: att_bm64_bn32_bk32_nonkdim32/smci355-ccs-aus-n11-29/79091_gfx950_code_object_id_13.out
E20251226 05:01:40.377154 140454682123712 output_stream.cpp:111] Opened result file: att_bm64_bn32_bk32_nonkdim32/smci355-ccs-aus-n11-29/79091_gfx950_code_object_id_14.out
E20251226 05:01:40.382900 140166461126208 output_stream.cpp:111] Opened result file: att_bm64_bn32_bk32_nonkdim32/smci355-ccs-aus-n11-29/79091_35167_shader_engine_0_32.att
E20251226 05:01:40.385375 140166461126208 output_stream.cpp:111] Opened result file: att_bm64_bn32_bk32_nonkdim32/smci355-ccs-aus-n11-29/79091_35167_shader_engine_1_32.att
E20251226 05:01:40.386277 140166461126208 output_stream.cpp:111] Opened result file: att_bm64_bn32_bk32_nonkdim32/smci355-ccs-aus-n11-29/79091_35167_shader_engine_2_32.att
E20251226 05:01:40.388637 140166461126208 output_stream.cpp:111] Opened result file: att_bm64_bn32_bk32_nonkdim32/smci355-ccs-aus-n11-29/79091_35167_shader_engine_3_32.att
matmul-performance-BM64-BN32-BK32-mfma32:
        M       N       K  Triton (TFLOPS)
0  4096.0  4096.0  4096.0       230.972751
W20251226 05:01:40.608820 140454682123712 simple_timer.cpp:55] [rocprofv3] 'python test.matmul.padded.bash.py --BM 64 --BN 32 --BK 32 --nonKDim 32' ::     5.856855 sec
E20251226 05:01:40.686440 140454682123712 output_stream.cpp:111] Opened result file: att_bm64_bn32_bk32_nonkdim32/smci355-ccs-aus-n11-29/79091_results.json
W20251226 05:01:42.462514 140454682123712 simple_timer.cpp:55] [rocprofv3] tool finalization ::     1.776461 sec
Running: BM=64, BN=32, BK=64, nonKDim=16
W20251226 05:01:43.094842 140486067023296 simple_timer.cpp:55] [rocprofv3] tool initialization ::     0.140663 sec
W20251226 05:01:43.095211 140486067023296 simple_timer.cpp:55] [rocprofv3] 'python test.matmul.padded.bash.py --BM 64 --BN 32 --BK 64 --nonKDim 16' ::     0.000000 sec
W20251226 05:01:44.356601 140486067023296 tool.cpp:2158] HSA version 8.18.0 initialized (instance=0)
Running benchmark with BM=64, BN=32, BK=64, MFMA_nonKDim16
E20251226 05:01:44.693494 140486067023296 output_stream.cpp:111] Opened result file: att_bm64_bn32_bk64_nonkdim16/smci355-ccs-aus-n11-29/79161_gfx950_code_object_id_1.out
E20251226 05:01:44.854803 140486067023296 output_stream.cpp:111] Opened result file: att_bm64_bn32_bk64_nonkdim16/smci355-ccs-aus-n11-29/79161_gfx950_code_object_id_2.out
E20251226 05:01:45.086819 140486067023296 output_stream.cpp:111] Opened result file: att_bm64_bn32_bk64_nonkdim16/smci355-ccs-aus-n11-29/79161_gfx950_code_object_id_3.out
use_block_pingpong=True
options.num_stages=2
E20251226 05:01:48.009096 140486067023296 output_stream.cpp:111] Opened result file: att_bm64_bn32_bk64_nonkdim16/smci355-ccs-aus-n11-29/79161_gfx950_code_object_id_4.out
E20251226 05:01:48.081921 140486067023296 output_stream.cpp:111] Opened result file: att_bm64_bn32_bk64_nonkdim16/smci355-ccs-aus-n11-29/79161_gfx950_code_object_id_5.out
E20251226 05:01:48.171881 140486067023296 output_stream.cpp:111] Opened result file: att_bm64_bn32_bk64_nonkdim16/smci355-ccs-aus-n11-29/79161_gfx950_code_object_id_6.out
E20251226 05:01:48.197184 140486067023296 output_stream.cpp:111] Opened result file: att_bm64_bn32_bk64_nonkdim16/smci355-ccs-aus-n11-29/79161_gfx950_code_object_id_7.out
E20251226 05:01:48.323454 140486067023296 output_stream.cpp:111] Opened result file: att_bm64_bn32_bk64_nonkdim16/smci355-ccs-aus-n11-29/79161_gfx950_code_object_id_8.out
E20251226 05:01:48.353440 140486067023296 output_stream.cpp:111] Opened result file: att_bm64_bn32_bk64_nonkdim16/smci355-ccs-aus-n11-29/79161_gfx950_code_object_id_9.out
E20251226 05:01:48.449486 140486067023296 output_stream.cpp:111] Opened result file: att_bm64_bn32_bk64_nonkdim16/smci355-ccs-aus-n11-29/79161_gfx950_code_object_id_10.out
E20251226 05:01:48.464933 140486067023296 output_stream.cpp:111] Opened result file: att_bm64_bn32_bk64_nonkdim16/smci355-ccs-aus-n11-29/79161_gfx950_code_object_id_11.out
E20251226 05:01:48.477635 140486067023296 output_stream.cpp:111] Opened result file: att_bm64_bn32_bk64_nonkdim16/smci355-ccs-aus-n11-29/79161_gfx950_code_object_id_12.out
✅ Triton and Torch match
E20251226 05:01:48.728703 140486067023296 output_stream.cpp:111] Opened result file: att_bm64_bn32_bk64_nonkdim16/smci355-ccs-aus-n11-29/79161_gfx950_code_object_id_13.out
E20251226 05:01:48.739305 140486067023296 output_stream.cpp:111] Opened result file: att_bm64_bn32_bk64_nonkdim16/smci355-ccs-aus-n11-29/79161_gfx950_code_object_id_14.out
E20251226 05:01:48.744349 140197830325824 output_stream.cpp:111] Opened result file: att_bm64_bn32_bk64_nonkdim16/smci355-ccs-aus-n11-29/79161_55638_shader_engine_0_32.att
E20251226 05:01:48.746203 140197830325824 output_stream.cpp:111] Opened result file: att_bm64_bn32_bk64_nonkdim16/smci355-ccs-aus-n11-29/79161_55638_shader_engine_1_32.att
E20251226 05:01:48.746911 140197830325824 output_stream.cpp:111] Opened result file: att_bm64_bn32_bk64_nonkdim16/smci355-ccs-aus-n11-29/79161_55638_shader_engine_2_32.att
E20251226 05:01:48.748520 140197830325824 output_stream.cpp:111] Opened result file: att_bm64_bn32_bk64_nonkdim16/smci355-ccs-aus-n11-29/79161_55638_shader_engine_3_32.att
matmul-performance-BM64-BN32-BK64-mfma16:
        M       N       K  Triton (TFLOPS)
0  4096.0  4096.0  4096.0       317.291545
W20251226 05:01:48.964664 140486067023296 simple_timer.cpp:55] [rocprofv3] 'python test.matmul.padded.bash.py --BM 64 --BN 32 --BK 64 --nonKDim 16' ::     5.869453 sec
E20251226 05:01:49.047748 140486067023296 output_stream.cpp:111] Opened result file: att_bm64_bn32_bk64_nonkdim16/smci355-ccs-aus-n11-29/79161_results.json
W20251226 05:01:50.100539 140486067023296 simple_timer.cpp:55] [rocprofv3] tool finalization ::     1.053214 sec
Running: BM=64, BN=32, BK=64, nonKDim=32
W20251226 05:01:50.737583 140311133048256 simple_timer.cpp:55] [rocprofv3] tool initialization ::     0.140121 sec
W20251226 05:01:50.737925 140311133048256 simple_timer.cpp:55] [rocprofv3] 'python test.matmul.padded.bash.py --BM 64 --BN 32 --BK 64 --nonKDim 32' ::     0.000000 sec
W20251226 05:01:51.986989 140311133048256 tool.cpp:2158] HSA version 8.18.0 initialized (instance=0)
Running benchmark with BM=64, BN=32, BK=64, MFMA_nonKDim32
E20251226 05:01:52.327209 140311133048256 output_stream.cpp:111] Opened result file: att_bm64_bn32_bk64_nonkdim32/smci355-ccs-aus-n11-29/79231_gfx950_code_object_id_1.out
E20251226 05:01:52.506318 140311133048256 output_stream.cpp:111] Opened result file: att_bm64_bn32_bk64_nonkdim32/smci355-ccs-aus-n11-29/79231_gfx950_code_object_id_2.out
E20251226 05:01:52.694556 140311133048256 output_stream.cpp:111] Opened result file: att_bm64_bn32_bk64_nonkdim32/smci355-ccs-aus-n11-29/79231_gfx950_code_object_id_3.out
use_block_pingpong=True
options.num_stages=2
E20251226 05:01:55.804371 140311133048256 output_stream.cpp:111] Opened result file: att_bm64_bn32_bk64_nonkdim32/smci355-ccs-aus-n11-29/79231_gfx950_code_object_id_4.out
E20251226 05:01:55.877427 140311133048256 output_stream.cpp:111] Opened result file: att_bm64_bn32_bk64_nonkdim32/smci355-ccs-aus-n11-29/79231_gfx950_code_object_id_5.out
E20251226 05:01:55.974555 140311133048256 output_stream.cpp:111] Opened result file: att_bm64_bn32_bk64_nonkdim32/smci355-ccs-aus-n11-29/79231_gfx950_code_object_id_6.out
E20251226 05:01:56.000066 140311133048256 output_stream.cpp:111] Opened result file: att_bm64_bn32_bk64_nonkdim32/smci355-ccs-aus-n11-29/79231_gfx950_code_object_id_7.out
E20251226 05:01:56.106641 140311133048256 output_stream.cpp:111] Opened result file: att_bm64_bn32_bk64_nonkdim32/smci355-ccs-aus-n11-29/79231_gfx950_code_object_id_8.out
E20251226 05:01:56.136417 140311133048256 output_stream.cpp:111] Opened result file: att_bm64_bn32_bk64_nonkdim32/smci355-ccs-aus-n11-29/79231_gfx950_code_object_id_9.out
E20251226 05:01:56.230886 140311133048256 output_stream.cpp:111] Opened result file: att_bm64_bn32_bk64_nonkdim32/smci355-ccs-aus-n11-29/79231_gfx950_code_object_id_10.out
E20251226 05:01:56.246052 140311133048256 output_stream.cpp:111] Opened result file: att_bm64_bn32_bk64_nonkdim32/smci355-ccs-aus-n11-29/79231_gfx950_code_object_id_11.out
E20251226 05:01:56.259175 140311133048256 output_stream.cpp:111] Opened result file: att_bm64_bn32_bk64_nonkdim32/smci355-ccs-aus-n11-29/79231_gfx950_code_object_id_12.out
✅ Triton and Torch match
E20251226 05:01:56.511723 140311133048256 output_stream.cpp:111] Opened result file: att_bm64_bn32_bk64_nonkdim32/smci355-ccs-aus-n11-29/79231_gfx950_code_object_id_13.out
E20251226 05:01:56.522988 140311133048256 output_stream.cpp:111] Opened result file: att_bm64_bn32_bk64_nonkdim32/smci355-ccs-aus-n11-29/79231_gfx950_code_object_id_14.out
E20251226 05:01:56.528263 140022915266112 output_stream.cpp:111] Opened result file: att_bm64_bn32_bk64_nonkdim32/smci355-ccs-aus-n11-29/79231_27169_shader_engine_0_32.att
E20251226 05:01:56.530249 140022915266112 output_stream.cpp:111] Opened result file: att_bm64_bn32_bk64_nonkdim32/smci355-ccs-aus-n11-29/79231_27169_shader_engine_1_32.att
E20251226 05:01:56.530969 140022915266112 output_stream.cpp:111] Opened result file: att_bm64_bn32_bk64_nonkdim32/smci355-ccs-aus-n11-29/79231_27169_shader_engine_2_32.att
E20251226 05:01:56.532672 140022915266112 output_stream.cpp:111] Opened result file: att_bm64_bn32_bk64_nonkdim32/smci355-ccs-aus-n11-29/79231_27169_shader_engine_3_32.att
matmul-performance-BM64-BN32-BK64-mfma32:
        M       N       K  Triton (TFLOPS)
0  4096.0  4096.0  4096.0       292.172791
W20251226 05:01:56.732950 140311133048256 simple_timer.cpp:55] [rocprofv3] 'python test.matmul.padded.bash.py --BM 64 --BN 32 --BK 64 --nonKDim 32' ::     5.995026 sec
E20251226 05:01:56.815526 140311133048256 output_stream.cpp:111] Opened result file: att_bm64_bn32_bk64_nonkdim32/smci355-ccs-aus-n11-29/79231_results.json
W20251226 05:01:58.001238 140311133048256 simple_timer.cpp:55] [rocprofv3] tool finalization ::     1.186084 sec
Running: BM=64, BN=32, BK=128, nonKDim=16
W20251226 05:01:58.629994 140665419783616 simple_timer.cpp:55] [rocprofv3] tool initialization ::     0.139181 sec
W20251226 05:01:58.630333 140665419783616 simple_timer.cpp:55] [rocprofv3] 'python test.matmul.padded.bash.py --BM 64 --BN 32 --BK 128 --nonKDim 16' ::     0.000000 sec
W20251226 05:01:59.837739 140665419783616 tool.cpp:2158] HSA version 8.18.0 initialized (instance=0)
Running benchmark with BM=64, BN=32, BK=128, MFMA_nonKDim16
E20251226 05:02:00.184902 140665419783616 output_stream.cpp:111] Opened result file: att_bm64_bn32_bk128_nonkdim16/smci355-ccs-aus-n11-29/79301_gfx950_code_object_id_1.out
E20251226 05:02:00.338355 140665419783616 output_stream.cpp:111] Opened result file: att_bm64_bn32_bk128_nonkdim16/smci355-ccs-aus-n11-29/79301_gfx950_code_object_id_2.out
E20251226 05:02:00.535143 140665419783616 output_stream.cpp:111] Opened result file: att_bm64_bn32_bk128_nonkdim16/smci355-ccs-aus-n11-29/79301_gfx950_code_object_id_3.out
use_block_pingpong=True
options.num_stages=2
E20251226 05:02:03.791752 140665419783616 output_stream.cpp:111] Opened result file: att_bm64_bn32_bk128_nonkdim16/smci355-ccs-aus-n11-29/79301_gfx950_code_object_id_4.out
E20251226 05:02:03.865167 140665419783616 output_stream.cpp:111] Opened result file: att_bm64_bn32_bk128_nonkdim16/smci355-ccs-aus-n11-29/79301_gfx950_code_object_id_5.out
E20251226 05:02:03.959236 140665419783616 output_stream.cpp:111] Opened result file: att_bm64_bn32_bk128_nonkdim16/smci355-ccs-aus-n11-29/79301_gfx950_code_object_id_6.out
E20251226 05:02:03.983998 140665419783616 output_stream.cpp:111] Opened result file: att_bm64_bn32_bk128_nonkdim16/smci355-ccs-aus-n11-29/79301_gfx950_code_object_id_7.out
E20251226 05:02:04.096198 140665419783616 output_stream.cpp:111] Opened result file: att_bm64_bn32_bk128_nonkdim16/smci355-ccs-aus-n11-29/79301_gfx950_code_object_id_8.out
E20251226 05:02:04.126472 140665419783616 output_stream.cpp:111] Opened result file: att_bm64_bn32_bk128_nonkdim16/smci355-ccs-aus-n11-29/79301_gfx950_code_object_id_9.out
E20251226 05:02:04.226343 140665419783616 output_stream.cpp:111] Opened result file: att_bm64_bn32_bk128_nonkdim16/smci355-ccs-aus-n11-29/79301_gfx950_code_object_id_10.out
E20251226 05:02:04.241772 140665419783616 output_stream.cpp:111] Opened result file: att_bm64_bn32_bk128_nonkdim16/smci355-ccs-aus-n11-29/79301_gfx950_code_object_id_11.out
E20251226 05:02:04.254176 140665419783616 output_stream.cpp:111] Opened result file: att_bm64_bn32_bk128_nonkdim16/smci355-ccs-aus-n11-29/79301_gfx950_code_object_id_12.out
✅ Triton and Torch match
E20251226 05:02:04.508186 140665419783616 output_stream.cpp:111] Opened result file: att_bm64_bn32_bk128_nonkdim16/smci355-ccs-aus-n11-29/79301_gfx950_code_object_id_13.out
E20251226 05:02:04.519112 140665419783616 output_stream.cpp:111] Opened result file: att_bm64_bn32_bk128_nonkdim16/smci355-ccs-aus-n11-29/79301_gfx950_code_object_id_14.out
E20251226 05:02:04.524102 140377182959168 output_stream.cpp:111] Opened result file: att_bm64_bn32_bk128_nonkdim16/smci355-ccs-aus-n11-29/79301_63199_shader_engine_0_32.att
E20251226 05:02:04.526029 140377182959168 output_stream.cpp:111] Opened result file: att_bm64_bn32_bk128_nonkdim16/smci355-ccs-aus-n11-29/79301_63199_shader_engine_1_32.att
E20251226 05:02:04.526710 140377182959168 output_stream.cpp:111] Opened result file: att_bm64_bn32_bk128_nonkdim16/smci355-ccs-aus-n11-29/79301_63199_shader_engine_2_32.att
E20251226 05:02:04.528250 140377182959168 output_stream.cpp:111] Opened result file: att_bm64_bn32_bk128_nonkdim16/smci355-ccs-aus-n11-29/79301_63199_shader_engine_3_32.att
matmul-performance-BM64-BN32-BK128-mfma16:
        M       N       K  Triton (TFLOPS)
0  4096.0  4096.0  4096.0       325.004675
W20251226 05:02:04.750086 140665419783616 simple_timer.cpp:55] [rocprofv3] 'python test.matmul.padded.bash.py --BM 64 --BN 32 --BK 128 --nonKDim 16' ::     6.119753 sec
E20251226 05:02:04.832759 140665419783616 output_stream.cpp:111] Opened result file: att_bm64_bn32_bk128_nonkdim16/smci355-ccs-aus-n11-29/79301_results.json
W20251226 05:02:05.840536 140665419783616 simple_timer.cpp:55] [rocprofv3] tool finalization ::     1.008163 sec
Running: BM=64, BN=32, BK=128, nonKDim=32
W20251226 05:02:06.484537 140664943115712 simple_timer.cpp:55] [rocprofv3] tool initialization ::     0.140601 sec
W20251226 05:02:06.484876 140664943115712 simple_timer.cpp:55] [rocprofv3] 'python test.matmul.padded.bash.py --BM 64 --BN 32 --BK 128 --nonKDim 32' ::     0.000000 sec
W20251226 05:02:07.718657 140664943115712 tool.cpp:2158] HSA version 8.18.0 initialized (instance=0)
Running benchmark with BM=64, BN=32, BK=128, MFMA_nonKDim32
E20251226 05:02:08.053655 140664943115712 output_stream.cpp:111] Opened result file: att_bm64_bn32_bk128_nonkdim32/smci355-ccs-aus-n11-29/79371_gfx950_code_object_id_1.out
E20251226 05:02:08.235939 140664943115712 output_stream.cpp:111] Opened result file: att_bm64_bn32_bk128_nonkdim32/smci355-ccs-aus-n11-29/79371_gfx950_code_object_id_2.out
E20251226 05:02:08.431918 140664943115712 output_stream.cpp:111] Opened result file: att_bm64_bn32_bk128_nonkdim32/smci355-ccs-aus-n11-29/79371_gfx950_code_object_id_3.out
use_block_pingpong=True
options.num_stages=2
E20251226 05:02:11.888668 140664943115712 output_stream.cpp:111] Opened result file: att_bm64_bn32_bk128_nonkdim32/smci355-ccs-aus-n11-29/79371_gfx950_code_object_id_4.out
E20251226 05:02:11.961011 140664943115712 output_stream.cpp:111] Opened result file: att_bm64_bn32_bk128_nonkdim32/smci355-ccs-aus-n11-29/79371_gfx950_code_object_id_5.out
E20251226 05:02:12.056175 140664943115712 output_stream.cpp:111] Opened result file: att_bm64_bn32_bk128_nonkdim32/smci355-ccs-aus-n11-29/79371_gfx950_code_object_id_6.out
E20251226 05:02:12.081252 140664943115712 output_stream.cpp:111] Opened result file: att_bm64_bn32_bk128_nonkdim32/smci355-ccs-aus-n11-29/79371_gfx950_code_object_id_7.out
E20251226 05:02:12.186861 140664943115712 output_stream.cpp:111] Opened result file: att_bm64_bn32_bk128_nonkdim32/smci355-ccs-aus-n11-29/79371_gfx950_code_object_id_8.out
E20251226 05:02:12.217030 140664943115712 output_stream.cpp:111] Opened result file: att_bm64_bn32_bk128_nonkdim32/smci355-ccs-aus-n11-29/79371_gfx950_code_object_id_9.out
E20251226 05:02:12.314098 140664943115712 output_stream.cpp:111] Opened result file: att_bm64_bn32_bk128_nonkdim32/smci355-ccs-aus-n11-29/79371_gfx950_code_object_id_10.out
E20251226 05:02:12.329480 140664943115712 output_stream.cpp:111] Opened result file: att_bm64_bn32_bk128_nonkdim32/smci355-ccs-aus-n11-29/79371_gfx950_code_object_id_11.out
E20251226 05:02:12.343072 140664943115712 output_stream.cpp:111] Opened result file: att_bm64_bn32_bk128_nonkdim32/smci355-ccs-aus-n11-29/79371_gfx950_code_object_id_12.out
✅ Triton and Torch match
E20251226 05:02:12.593765 140664943115712 output_stream.cpp:111] Opened result file: att_bm64_bn32_bk128_nonkdim32/smci355-ccs-aus-n11-29/79371_gfx950_code_object_id_13.out
E20251226 05:02:12.604374 140664943115712 output_stream.cpp:111] Opened result file: att_bm64_bn32_bk128_nonkdim32/smci355-ccs-aus-n11-29/79371_gfx950_code_object_id_14.out
E20251226 05:02:12.609583 140376713197120 output_stream.cpp:111] Opened result file: att_bm64_bn32_bk128_nonkdim32/smci355-ccs-aus-n11-29/79371_45043_shader_engine_0_32.att
E20251226 05:02:12.611390 140376713197120 output_stream.cpp:111] Opened result file: att_bm64_bn32_bk128_nonkdim32/smci355-ccs-aus-n11-29/79371_45043_shader_engine_1_32.att
E20251226 05:02:12.612074 140376713197120 output_stream.cpp:111] Opened result file: att_bm64_bn32_bk128_nonkdim32/smci355-ccs-aus-n11-29/79371_45043_shader_engine_2_32.att
E20251226 05:02:12.613669 140376713197120 output_stream.cpp:111] Opened result file: att_bm64_bn32_bk128_nonkdim32/smci355-ccs-aus-n11-29/79371_45043_shader_engine_3_32.att
matmul-performance-BM64-BN32-BK128-mfma32:
        M       N       K  Triton (TFLOPS)
0  4096.0  4096.0  4096.0       313.613573
W20251226 05:02:12.828671 140664943115712 simple_timer.cpp:55] [rocprofv3] 'python test.matmul.padded.bash.py --BM 64 --BN 32 --BK 128 --nonKDim 32' ::     6.343795 sec
E20251226 05:02:12.911884 140664943115712 output_stream.cpp:111] Opened result file: att_bm64_bn32_bk128_nonkdim32/smci355-ccs-aus-n11-29/79371_results.json
W20251226 05:02:13.997917 140664943115712 simple_timer.cpp:55] [rocprofv3] tool finalization ::     1.086423 sec
Running: BM=64, BN=64, BK=32, nonKDim=16
W20251226 05:02:14.633536 140190214757824 simple_timer.cpp:55] [rocprofv3] tool initialization ::     0.142284 sec
W20251226 05:02:14.633870 140190214757824 simple_timer.cpp:55] [rocprofv3] 'python test.matmul.padded.bash.py --BM 64 --BN 64 --BK 32 --nonKDim 16' ::     0.000000 sec
W20251226 05:02:15.880565 140190214757824 tool.cpp:2158] HSA version 8.18.0 initialized (instance=0)
Running benchmark with BM=64, BN=64, BK=32, MFMA_nonKDim16
E20251226 05:02:16.220664 140190214757824 output_stream.cpp:111] Opened result file: att_bm64_bn64_bk32_nonkdim16/smci355-ccs-aus-n11-29/79441_gfx950_code_object_id_1.out
E20251226 05:02:16.346886 140190214757824 output_stream.cpp:111] Opened result file: att_bm64_bn64_bk32_nonkdim16/smci355-ccs-aus-n11-29/79441_gfx950_code_object_id_2.out
E20251226 05:02:16.533855 140190214757824 output_stream.cpp:111] Opened result file: att_bm64_bn64_bk32_nonkdim16/smci355-ccs-aus-n11-29/79441_gfx950_code_object_id_3.out
use_block_pingpong=True
options.num_stages=2
E20251226 05:02:19.398927 140190214757824 output_stream.cpp:111] Opened result file: att_bm64_bn64_bk32_nonkdim16/smci355-ccs-aus-n11-29/79441_gfx950_code_object_id_4.out
E20251226 05:02:19.472949 140190214757824 output_stream.cpp:111] Opened result file: att_bm64_bn64_bk32_nonkdim16/smci355-ccs-aus-n11-29/79441_gfx950_code_object_id_5.out
E20251226 05:02:19.563301 140190214757824 output_stream.cpp:111] Opened result file: att_bm64_bn64_bk32_nonkdim16/smci355-ccs-aus-n11-29/79441_gfx950_code_object_id_6.out
E20251226 05:02:19.587993 140190214757824 output_stream.cpp:111] Opened result file: att_bm64_bn64_bk32_nonkdim16/smci355-ccs-aus-n11-29/79441_gfx950_code_object_id_7.out
E20251226 05:02:19.694679 140190214757824 output_stream.cpp:111] Opened result file: att_bm64_bn64_bk32_nonkdim16/smci355-ccs-aus-n11-29/79441_gfx950_code_object_id_8.out
E20251226 05:02:19.724549 140190214757824 output_stream.cpp:111] Opened result file: att_bm64_bn64_bk32_nonkdim16/smci355-ccs-aus-n11-29/79441_gfx950_code_object_id_9.out
E20251226 05:02:19.819484 140190214757824 output_stream.cpp:111] Opened result file: att_bm64_bn64_bk32_nonkdim16/smci355-ccs-aus-n11-29/79441_gfx950_code_object_id_10.out
E20251226 05:02:19.834869 140190214757824 output_stream.cpp:111] Opened result file: att_bm64_bn64_bk32_nonkdim16/smci355-ccs-aus-n11-29/79441_gfx950_code_object_id_11.out
E20251226 05:02:19.848428 140190214757824 output_stream.cpp:111] Opened result file: att_bm64_bn64_bk32_nonkdim16/smci355-ccs-aus-n11-29/79441_gfx950_code_object_id_12.out
✅ Triton and Torch match
E20251226 05:02:20.097137 140190214757824 output_stream.cpp:111] Opened result file: att_bm64_bn64_bk32_nonkdim16/smci355-ccs-aus-n11-29/79441_gfx950_code_object_id_13.out
E20251226 05:02:20.107557 140190214757824 output_stream.cpp:111] Opened result file: att_bm64_bn64_bk32_nonkdim16/smci355-ccs-aus-n11-29/79441_gfx950_code_object_id_14.out
E20251226 05:02:20.112170 139901985093184 output_stream.cpp:111] Opened result file: att_bm64_bn64_bk32_nonkdim16/smci355-ccs-aus-n11-29/79441_27888_shader_engine_0_32.att
E20251226 05:02:20.114437 139901985093184 output_stream.cpp:111] Opened result file: att_bm64_bn64_bk32_nonkdim16/smci355-ccs-aus-n11-29/79441_27888_shader_engine_1_32.att
E20251226 05:02:20.114985 139901985093184 output_stream.cpp:111] Opened result file: att_bm64_bn64_bk32_nonkdim16/smci355-ccs-aus-n11-29/79441_27888_shader_engine_2_32.att
E20251226 05:02:20.116188 139901985093184 output_stream.cpp:111] Opened result file: att_bm64_bn64_bk32_nonkdim16/smci355-ccs-aus-n11-29/79441_27888_shader_engine_3_32.att
matmul-performance-BM64-BN64-BK32-mfma16:
        M       N       K  Triton (TFLOPS)
0  4096.0  4096.0  4096.0        511.87408
W20251226 05:02:20.317950 140190214757824 simple_timer.cpp:55] [rocprofv3] 'python test.matmul.padded.bash.py --BM 64 --BN 64 --BK 32 --nonKDim 16' ::     5.684080 sec
E20251226 05:02:20.402197 140190214757824 output_stream.cpp:111] Opened result file: att_bm64_bn64_bk32_nonkdim16/smci355-ccs-aus-n11-29/79441_results.json
W20251226 05:02:21.216823 140190214757824 simple_timer.cpp:55] [rocprofv3] tool finalization ::     0.815010 sec
Running: BM=64, BN=64, BK=32, nonKDim=32
W20251226 05:02:21.842344 140253511454144 simple_timer.cpp:55] [rocprofv3] tool initialization ::     0.139198 sec
W20251226 05:02:21.842682 140253511454144 simple_timer.cpp:55] [rocprofv3] 'python test.matmul.padded.bash.py --BM 64 --BN 64 --BK 32 --nonKDim 32' ::     0.000000 sec
W20251226 05:02:23.076077 140253511454144 tool.cpp:2158] HSA version 8.18.0 initialized (instance=0)
Running benchmark with BM=64, BN=64, BK=32, MFMA_nonKDim32
E20251226 05:02:23.419621 140253511454144 output_stream.cpp:111] Opened result file: att_bm64_bn64_bk32_nonkdim32/smci355-ccs-aus-n11-29/79511_gfx950_code_object_id_1.out
E20251226 05:02:23.565906 140253511454144 output_stream.cpp:111] Opened result file: att_bm64_bn64_bk32_nonkdim32/smci355-ccs-aus-n11-29/79511_gfx950_code_object_id_2.out
E20251226 05:02:23.696485 140253511454144 output_stream.cpp:111] Opened result file: att_bm64_bn64_bk32_nonkdim32/smci355-ccs-aus-n11-29/79511_gfx950_code_object_id_3.out
use_block_pingpong=True
options.num_stages=2
E20251226 05:02:26.732859 140253511454144 output_stream.cpp:111] Opened result file: att_bm64_bn64_bk32_nonkdim32/smci355-ccs-aus-n11-29/79511_gfx950_code_object_id_4.out
E20251226 05:02:26.805243 140253511454144 output_stream.cpp:111] Opened result file: att_bm64_bn64_bk32_nonkdim32/smci355-ccs-aus-n11-29/79511_gfx950_code_object_id_5.out
E20251226 05:02:26.898584 140253511454144 output_stream.cpp:111] Opened result file: att_bm64_bn64_bk32_nonkdim32/smci355-ccs-aus-n11-29/79511_gfx950_code_object_id_6.out
E20251226 05:02:26.923596 140253511454144 output_stream.cpp:111] Opened result file: att_bm64_bn64_bk32_nonkdim32/smci355-ccs-aus-n11-29/79511_gfx950_code_object_id_7.out
E20251226 05:02:26.998174 140253511454144 output_stream.cpp:111] Opened result file: att_bm64_bn64_bk32_nonkdim32/smci355-ccs-aus-n11-29/79511_gfx950_code_object_id_8.out
E20251226 05:02:27.027767 140253511454144 output_stream.cpp:111] Opened result file: att_bm64_bn64_bk32_nonkdim32/smci355-ccs-aus-n11-29/79511_gfx950_code_object_id_9.out
E20251226 05:02:27.091064 140253511454144 output_stream.cpp:111] Opened result file: att_bm64_bn64_bk32_nonkdim32/smci355-ccs-aus-n11-29/79511_gfx950_code_object_id_10.out
E20251226 05:02:27.106351 140253511454144 output_stream.cpp:111] Opened result file: att_bm64_bn64_bk32_nonkdim32/smci355-ccs-aus-n11-29/79511_gfx950_code_object_id_11.out
E20251226 05:02:27.120674 140253511454144 output_stream.cpp:111] Opened result file: att_bm64_bn64_bk32_nonkdim32/smci355-ccs-aus-n11-29/79511_gfx950_code_object_id_12.out
✅ Triton and Torch match
E20251226 05:02:27.371380 140253511454144 output_stream.cpp:111] Opened result file: att_bm64_bn64_bk32_nonkdim32/smci355-ccs-aus-n11-29/79511_gfx950_code_object_id_13.out
E20251226 05:02:27.381699 140253511454144 output_stream.cpp:111] Opened result file: att_bm64_bn64_bk32_nonkdim32/smci355-ccs-aus-n11-29/79511_gfx950_code_object_id_14.out
E20251226 05:02:27.386268 139965335860800 output_stream.cpp:111] Opened result file: att_bm64_bn64_bk32_nonkdim32/smci355-ccs-aus-n11-29/79511_2580_shader_engine_0_32.att
E20251226 05:02:27.388455 139965335860800 output_stream.cpp:111] Opened result file: att_bm64_bn64_bk32_nonkdim32/smci355-ccs-aus-n11-29/79511_2580_shader_engine_1_32.att
E20251226 05:02:27.389016 139965335860800 output_stream.cpp:111] Opened result file: att_bm64_bn64_bk32_nonkdim32/smci355-ccs-aus-n11-29/79511_2580_shader_engine_2_32.att
E20251226 05:02:27.390241 139965335860800 output_stream.cpp:111] Opened result file: att_bm64_bn64_bk32_nonkdim32/smci355-ccs-aus-n11-29/79511_2580_shader_engine_3_32.att
matmul-performance-BM64-BN64-BK32-mfma32:
        M       N       K  Triton (TFLOPS)
0  4096.0  4096.0  4096.0       497.314944
W20251226 05:02:27.599037 140253511454144 simple_timer.cpp:55] [rocprofv3] 'python test.matmul.padded.bash.py --BM 64 --BN 64 --BK 32 --nonKDim 32' ::     5.756355 sec
E20251226 05:02:27.680218 140253511454144 output_stream.cpp:111] Opened result file: att_bm64_bn64_bk32_nonkdim32/smci355-ccs-aus-n11-29/79511_results.json
W20251226 05:02:28.483954 140253511454144 simple_timer.cpp:55] [rocprofv3] tool finalization ::     0.804129 sec
Running: BM=64, BN=64, BK=64, nonKDim=16
W20251226 05:02:29.116495 140628021894592 simple_timer.cpp:55] [rocprofv3] tool initialization ::     0.138794 sec
W20251226 05:02:29.116831 140628021894592 simple_timer.cpp:55] [rocprofv3] 'python test.matmul.padded.bash.py --BM 64 --BN 64 --BK 64 --nonKDim 16' ::     0.000000 sec
W20251226 05:02:30.319312 140628021894592 tool.cpp:2158] HSA version 8.18.0 initialized (instance=0)
Running benchmark with BM=64, BN=64, BK=64, MFMA_nonKDim16
E20251226 05:02:30.653312 140628021894592 output_stream.cpp:111] Opened result file: att_bm64_bn64_bk64_nonkdim16/smci355-ccs-aus-n11-29/79581_gfx950_code_object_id_1.out
E20251226 05:02:30.803960 140628021894592 output_stream.cpp:111] Opened result file: att_bm64_bn64_bk64_nonkdim16/smci355-ccs-aus-n11-29/79581_gfx950_code_object_id_2.out
E20251226 05:02:30.895159 140628021894592 output_stream.cpp:111] Opened result file: att_bm64_bn64_bk64_nonkdim16/smci355-ccs-aus-n11-29/79581_gfx950_code_object_id_3.out
E20251226 05:02:32.365807 140628021894592 output_stream.cpp:111] Opened result file: att_bm64_bn64_bk64_nonkdim16/smci355-ccs-aus-n11-29/79581_gfx950_code_object_id_4.out
E20251226 05:02:32.436846 140628021894592 output_stream.cpp:111] Opened result file: att_bm64_bn64_bk64_nonkdim16/smci355-ccs-aus-n11-29/79581_gfx950_code_object_id_5.out
E20251226 05:02:32.527651 140628021894592 output_stream.cpp:111] Opened result file: att_bm64_bn64_bk64_nonkdim16/smci355-ccs-aus-n11-29/79581_gfx950_code_object_id_6.out
E20251226 05:02:32.552674 140628021894592 output_stream.cpp:111] Opened result file: att_bm64_bn64_bk64_nonkdim16/smci355-ccs-aus-n11-29/79581_gfx950_code_object_id_7.out
E20251226 05:02:32.607910 140628021894592 output_stream.cpp:111] Opened result file: att_bm64_bn64_bk64_nonkdim16/smci355-ccs-aus-n11-29/79581_gfx950_code_object_id_8.out
E20251226 05:02:32.637454 140628021894592 output_stream.cpp:111] Opened result file: att_bm64_bn64_bk64_nonkdim16/smci355-ccs-aus-n11-29/79581_gfx950_code_object_id_9.out
E20251226 05:02:32.681715 140628021894592 output_stream.cpp:111] Opened result file: att_bm64_bn64_bk64_nonkdim16/smci355-ccs-aus-n11-29/79581_gfx950_code_object_id_10.out
E20251226 05:02:32.696547 140628021894592 output_stream.cpp:111] Opened result file: att_bm64_bn64_bk64_nonkdim16/smci355-ccs-aus-n11-29/79581_gfx950_code_object_id_11.out
E20251226 05:02:32.710054 140628021894592 output_stream.cpp:111] Opened result file: att_bm64_bn64_bk64_nonkdim16/smci355-ccs-aus-n11-29/79581_gfx950_code_object_id_12.out
✅ Triton and Torch match
E20251226 05:02:33.067410 140628021894592 output_stream.cpp:111] Opened result file: att_bm64_bn64_bk64_nonkdim16/smci355-ccs-aus-n11-29/79581_gfx950_code_object_id_13.out
E20251226 05:02:33.077761 140628021894592 output_stream.cpp:111] Opened result file: att_bm64_bn64_bk64_nonkdim16/smci355-ccs-aus-n11-29/79581_gfx950_code_object_id_14.out
E20251226 05:02:33.082068 140339803321920 output_stream.cpp:111] Opened result file: att_bm64_bn64_bk64_nonkdim16/smci355-ccs-aus-n11-29/79581_58214_shader_engine_0_32.att
E20251226 05:02:33.083455 140339803321920 output_stream.cpp:111] Opened result file: att_bm64_bn64_bk64_nonkdim16/smci355-ccs-aus-n11-29/79581_58214_shader_engine_1_32.att
E20251226 05:02:33.083951 140339803321920 output_stream.cpp:111] Opened result file: att_bm64_bn64_bk64_nonkdim16/smci355-ccs-aus-n11-29/79581_58214_shader_engine_2_32.att
E20251226 05:02:33.085039 140339803321920 output_stream.cpp:111] Opened result file: att_bm64_bn64_bk64_nonkdim16/smci355-ccs-aus-n11-29/79581_58214_shader_engine_3_32.att
matmul-performance-BM64-BN64-BK64-mfma16:
        M       N       K  Triton (TFLOPS)
0  4096.0  4096.0  4096.0       631.261813
W20251226 05:02:33.287342 140628021894592 simple_timer.cpp:55] [rocprofv3] 'python test.matmul.padded.bash.py --BM 64 --BN 64 --BK 64 --nonKDim 16' ::     4.170511 sec
E20251226 05:02:33.372091 140628021894592 output_stream.cpp:111] Opened result file: att_bm64_bn64_bk64_nonkdim16/smci355-ccs-aus-n11-29/79581_results.json
W20251226 05:02:34.107722 140628021894592 simple_timer.cpp:55] [rocprofv3] tool finalization ::     0.736014 sec
Running: BM=64, BN=64, BK=64, nonKDim=32
W20251226 05:02:34.739295 139710518537664 simple_timer.cpp:55] [rocprofv3] tool initialization ::     0.141223 sec
W20251226 05:02:34.739649 139710518537664 simple_timer.cpp:55] [rocprofv3] 'python test.matmul.padded.bash.py --BM 64 --BN 64 --BK 64 --nonKDim 32' ::     0.000000 sec
W20251226 05:02:35.983813 139710518537664 tool.cpp:2158] HSA version 8.18.0 initialized (instance=0)
Running benchmark with BM=64, BN=64, BK=64, MFMA_nonKDim32
E20251226 05:02:36.324113 139710518537664 output_stream.cpp:111] Opened result file: att_bm64_bn64_bk64_nonkdim32/smci355-ccs-aus-n11-29/79651_gfx950_code_object_id_1.out
E20251226 05:02:36.481240 139710518537664 output_stream.cpp:111] Opened result file: att_bm64_bn64_bk64_nonkdim32/smci355-ccs-aus-n11-29/79651_gfx950_code_object_id_2.out
E20251226 05:02:36.681822 139710518537664 output_stream.cpp:111] Opened result file: att_bm64_bn64_bk64_nonkdim32/smci355-ccs-aus-n11-29/79651_gfx950_code_object_id_3.out
use_block_pingpong=True
options.num_stages=2
E20251226 05:02:39.970288 139710518537664 output_stream.cpp:111] Opened result file: att_bm64_bn64_bk64_nonkdim32/smci355-ccs-aus-n11-29/79651_gfx950_code_object_id_4.out
E20251226 05:02:40.043680 139710518537664 output_stream.cpp:111] Opened result file: att_bm64_bn64_bk64_nonkdim32/smci355-ccs-aus-n11-29/79651_gfx950_code_object_id_5.out
E20251226 05:02:40.138128 139710518537664 output_stream.cpp:111] Opened result file: att_bm64_bn64_bk64_nonkdim32/smci355-ccs-aus-n11-29/79651_gfx950_code_object_id_6.out
E20251226 05:02:40.163035 139710518537664 output_stream.cpp:111] Opened result file: att_bm64_bn64_bk64_nonkdim32/smci355-ccs-aus-n11-29/79651_gfx950_code_object_id_7.out
E20251226 05:02:40.274842 139710518537664 output_stream.cpp:111] Opened result file: att_bm64_bn64_bk64_nonkdim32/smci355-ccs-aus-n11-29/79651_gfx950_code_object_id_8.out
E20251226 05:02:40.306038 139710518537664 output_stream.cpp:111] Opened result file: att_bm64_bn64_bk64_nonkdim32/smci355-ccs-aus-n11-29/79651_gfx950_code_object_id_9.out
E20251226 05:02:40.405146 139710518537664 output_stream.cpp:111] Opened result file: att_bm64_bn64_bk64_nonkdim32/smci355-ccs-aus-n11-29/79651_gfx950_code_object_id_10.out
E20251226 05:02:40.420507 139710518537664 output_stream.cpp:111] Opened result file: att_bm64_bn64_bk64_nonkdim32/smci355-ccs-aus-n11-29/79651_gfx950_code_object_id_11.out
E20251226 05:02:40.434609 139710518537664 output_stream.cpp:111] Opened result file: att_bm64_bn64_bk64_nonkdim32/smci355-ccs-aus-n11-29/79651_gfx950_code_object_id_12.out
✅ Triton and Torch match
E20251226 05:02:40.688934 139710518537664 output_stream.cpp:111] Opened result file: att_bm64_bn64_bk64_nonkdim32/smci355-ccs-aus-n11-29/79651_gfx950_code_object_id_13.out
E20251226 05:02:40.699193 139710518537664 output_stream.cpp:111] Opened result file: att_bm64_bn64_bk64_nonkdim32/smci355-ccs-aus-n11-29/79651_gfx950_code_object_id_14.out
E20251226 05:02:40.703431 139422290933312 output_stream.cpp:111] Opened result file: att_bm64_bn64_bk64_nonkdim32/smci355-ccs-aus-n11-29/79651_7628_shader_engine_0_32.att
E20251226 05:02:40.704774 139422290933312 output_stream.cpp:111] Opened result file: att_bm64_bn64_bk64_nonkdim32/smci355-ccs-aus-n11-29/79651_7628_shader_engine_1_32.att
E20251226 05:02:40.705261 139422290933312 output_stream.cpp:111] Opened result file: att_bm64_bn64_bk64_nonkdim32/smci355-ccs-aus-n11-29/79651_7628_shader_engine_2_32.att
E20251226 05:02:40.706317 139422290933312 output_stream.cpp:111] Opened result file: att_bm64_bn64_bk64_nonkdim32/smci355-ccs-aus-n11-29/79651_7628_shader_engine_3_32.att
matmul-performance-BM64-BN64-BK64-mfma32:
        M       N       K  Triton (TFLOPS)
0  4096.0  4096.0  4096.0       588.447426
W20251226 05:02:40.922667 139710518537664 simple_timer.cpp:55] [rocprofv3] 'python test.matmul.padded.bash.py --BM 64 --BN 64 --BK 64 --nonKDim 32' ::     6.183019 sec
E20251226 05:02:41.003503 139710518537664 output_stream.cpp:111] Opened result file: att_bm64_bn64_bk64_nonkdim32/smci355-ccs-aus-n11-29/79651_results.json
W20251226 05:02:41.692928 139710518537664 simple_timer.cpp:55] [rocprofv3] tool finalization ::     0.689810 sec
Running: BM=64, BN=64, BK=128, nonKDim=16
W20251226 05:02:42.326211 140178106224064 simple_timer.cpp:55] [rocprofv3] tool initialization ::     0.138828 sec
W20251226 05:02:42.326568 140178106224064 simple_timer.cpp:55] [rocprofv3] 'python test.matmul.padded.bash.py --BM 64 --BN 64 --BK 128 --nonKDim 16' ::     0.000000 sec
W20251226 05:02:43.578113 140178106224064 tool.cpp:2158] HSA version 8.18.0 initialized (instance=0)
Running benchmark with BM=64, BN=64, BK=128, MFMA_nonKDim16
E20251226 05:02:43.917832 140178106224064 output_stream.cpp:111] Opened result file: att_bm64_bn64_bk128_nonkdim16/smci355-ccs-aus-n11-29/79721_gfx950_code_object_id_1.out
E20251226 05:02:44.083045 140178106224064 output_stream.cpp:111] Opened result file: att_bm64_bn64_bk128_nonkdim16/smci355-ccs-aus-n11-29/79721_gfx950_code_object_id_2.out
E20251226 05:02:44.280417 140178106224064 output_stream.cpp:111] Opened result file: att_bm64_bn64_bk128_nonkdim16/smci355-ccs-aus-n11-29/79721_gfx950_code_object_id_3.out
use_block_pingpong=True
options.num_stages=2
E20251226 05:02:47.871239 140178106224064 output_stream.cpp:111] Opened result file: att_bm64_bn64_bk128_nonkdim16/smci355-ccs-aus-n11-29/79721_gfx950_code_object_id_4.out
E20251226 05:02:47.943964 140178106224064 output_stream.cpp:111] Opened result file: att_bm64_bn64_bk128_nonkdim16/smci355-ccs-aus-n11-29/79721_gfx950_code_object_id_5.out
E20251226 05:02:48.037707 140178106224064 output_stream.cpp:111] Opened result file: att_bm64_bn64_bk128_nonkdim16/smci355-ccs-aus-n11-29/79721_gfx950_code_object_id_6.out
E20251226 05:02:48.062936 140178106224064 output_stream.cpp:111] Opened result file: att_bm64_bn64_bk128_nonkdim16/smci355-ccs-aus-n11-29/79721_gfx950_code_object_id_7.out
E20251226 05:02:48.174585 140178106224064 output_stream.cpp:111] Opened result file: att_bm64_bn64_bk128_nonkdim16/smci355-ccs-aus-n11-29/79721_gfx950_code_object_id_8.out
E20251226 05:02:48.187639 140178106224064 output_stream.cpp:111] Opened result file: att_bm64_bn64_bk128_nonkdim16/smci355-ccs-aus-n11-29/79721_gfx950_code_object_id_9.out
E20251226 05:02:48.287818 140178106224064 output_stream.cpp:111] Opened result file: att_bm64_bn64_bk128_nonkdim16/smci355-ccs-aus-n11-29/79721_gfx950_code_object_id_10.out
E20251226 05:02:48.303338 140178106224064 output_stream.cpp:111] Opened result file: att_bm64_bn64_bk128_nonkdim16/smci355-ccs-aus-n11-29/79721_gfx950_code_object_id_11.out
E20251226 05:02:48.316913 140178106224064 output_stream.cpp:111] Opened result file: att_bm64_bn64_bk128_nonkdim16/smci355-ccs-aus-n11-29/79721_gfx950_code_object_id_12.out
✅ Triton and Torch match
E20251226 05:02:48.571174 140178106224064 output_stream.cpp:111] Opened result file: att_bm64_bn64_bk128_nonkdim16/smci355-ccs-aus-n11-29/79721_gfx950_code_object_id_13.out
E20251226 05:02:48.607764 140178106224064 output_stream.cpp:111] Opened result file: att_bm64_bn64_bk128_nonkdim16/smci355-ccs-aus-n11-29/79721_gfx950_code_object_id_14.out
E20251226 05:02:48.612366 139889869846080 output_stream.cpp:111] Opened result file: att_bm64_bn64_bk128_nonkdim16/smci355-ccs-aus-n11-29/79721_12820_shader_engine_0_32.att
E20251226 05:02:48.613855 139889869846080 output_stream.cpp:111] Opened result file: att_bm64_bn64_bk128_nonkdim16/smci355-ccs-aus-n11-29/79721_12820_shader_engine_1_32.att
E20251226 05:02:48.614390 139889869846080 output_stream.cpp:111] Opened result file: att_bm64_bn64_bk128_nonkdim16/smci355-ccs-aus-n11-29/79721_12820_shader_engine_2_32.att
E20251226 05:02:48.615482 139889869846080 output_stream.cpp:111] Opened result file: att_bm64_bn64_bk128_nonkdim16/smci355-ccs-aus-n11-29/79721_12820_shader_engine_3_32.att
matmul-performance-BM64-BN64-BK128-mfma16:
        M       N       K  Triton (TFLOPS)
0  4096.0  4096.0  4096.0       522.895708
W20251226 05:02:48.819568 140178106224064 simple_timer.cpp:55] [rocprofv3] 'python test.matmul.padded.bash.py --BM 64 --BN 64 --BK 128 --nonKDim 16' ::     6.493000 sec
E20251226 05:02:48.903133 140178106224064 output_stream.cpp:111] Opened result file: att_bm64_bn64_bk128_nonkdim16/smci355-ccs-aus-n11-29/79721_results.json
W20251226 05:02:49.603212 140178106224064 simple_timer.cpp:55] [rocprofv3] tool finalization ::     0.700478 sec
Running: BM=64, BN=64, BK=128, nonKDim=32
W20251226 05:02:50.249879 140398635216320 simple_timer.cpp:55] [rocprofv3] tool initialization ::     0.145510 sec
W20251226 05:02:50.250230 140398635216320 simple_timer.cpp:55] [rocprofv3] 'python test.matmul.padded.bash.py --BM 64 --BN 64 --BK 128 --nonKDim 32' ::     0.000000 sec
W20251226 05:02:51.497332 140398635216320 tool.cpp:2158] HSA version 8.18.0 initialized (instance=0)
Running benchmark with BM=64, BN=64, BK=128, MFMA_nonKDim32
E20251226 05:02:51.840668 140398635216320 output_stream.cpp:111] Opened result file: att_bm64_bn64_bk128_nonkdim32/smci355-ccs-aus-n11-29/79791_gfx950_code_object_id_1.out
E20251226 05:02:52.015335 140398635216320 output_stream.cpp:111] Opened result file: att_bm64_bn64_bk128_nonkdim32/smci355-ccs-aus-n11-29/79791_gfx950_code_object_id_2.out
E20251226 05:02:52.107709 140398635216320 output_stream.cpp:111] Opened result file: att_bm64_bn64_bk128_nonkdim32/smci355-ccs-aus-n11-29/79791_gfx950_code_object_id_3.out
use_block_pingpong=True
options.num_stages=2
E20251226 05:02:55.828543 140398635216320 output_stream.cpp:111] Opened result file: att_bm64_bn64_bk128_nonkdim32/smci355-ccs-aus-n11-29/79791_gfx950_code_object_id_4.out
E20251226 05:02:55.902292 140398635216320 output_stream.cpp:111] Opened result file: att_bm64_bn64_bk128_nonkdim32/smci355-ccs-aus-n11-29/79791_gfx950_code_object_id_5.out
E20251226 05:02:55.996377 140398635216320 output_stream.cpp:111] Opened result file: att_bm64_bn64_bk128_nonkdim32/smci355-ccs-aus-n11-29/79791_gfx950_code_object_id_6.out
E20251226 05:02:56.021362 140398635216320 output_stream.cpp:111] Opened result file: att_bm64_bn64_bk128_nonkdim32/smci355-ccs-aus-n11-29/79791_gfx950_code_object_id_7.out
E20251226 05:02:56.077541 140398635216320 output_stream.cpp:111] Opened result file: att_bm64_bn64_bk128_nonkdim32/smci355-ccs-aus-n11-29/79791_gfx950_code_object_id_8.out
E20251226 05:02:56.095638 140398635216320 output_stream.cpp:111] Opened result file: att_bm64_bn64_bk128_nonkdim32/smci355-ccs-aus-n11-29/79791_gfx950_code_object_id_9.out
E20251226 05:02:56.140864 140398635216320 output_stream.cpp:111] Opened result file: att_bm64_bn64_bk128_nonkdim32/smci355-ccs-aus-n11-29/79791_gfx950_code_object_id_10.out
E20251226 05:02:56.156154 140398635216320 output_stream.cpp:111] Opened result file: att_bm64_bn64_bk128_nonkdim32/smci355-ccs-aus-n11-29/79791_gfx950_code_object_id_11.out
E20251226 05:02:56.168943 140398635216320 output_stream.cpp:111] Opened result file: att_bm64_bn64_bk128_nonkdim32/smci355-ccs-aus-n11-29/79791_gfx950_code_object_id_12.out
✅ Triton and Torch match
E20251226 05:02:56.421642 140398635216320 output_stream.cpp:111] Opened result file: att_bm64_bn64_bk128_nonkdim32/smci355-ccs-aus-n11-29/79791_gfx950_code_object_id_13.out
E20251226 05:02:56.432207 140398635216320 output_stream.cpp:111] Opened result file: att_bm64_bn64_bk128_nonkdim32/smci355-ccs-aus-n11-29/79791_gfx950_code_object_id_14.out
E20251226 05:02:56.436453 140110425224768 output_stream.cpp:111] Opened result file: att_bm64_bn64_bk128_nonkdim32/smci355-ccs-aus-n11-29/79791_53166_shader_engine_0_32.att
E20251226 05:02:56.437996 140110425224768 output_stream.cpp:111] Opened result file: att_bm64_bn64_bk128_nonkdim32/smci355-ccs-aus-n11-29/79791_53166_shader_engine_1_32.att
E20251226 05:02:56.438513 140110425224768 output_stream.cpp:111] Opened result file: att_bm64_bn64_bk128_nonkdim32/smci355-ccs-aus-n11-29/79791_53166_shader_engine_2_32.att
E20251226 05:02:56.439582 140110425224768 output_stream.cpp:111] Opened result file: att_bm64_bn64_bk128_nonkdim32/smci355-ccs-aus-n11-29/79791_53166_shader_engine_3_32.att
matmul-performance-BM64-BN64-BK128-mfma32:
        M       N       K  Triton (TFLOPS)
0  4096.0  4096.0  4096.0        577.51826
W20251226 05:02:56.642535 140398635216320 simple_timer.cpp:55] [rocprofv3] 'python test.matmul.padded.bash.py --BM 64 --BN 64 --BK 128 --nonKDim 32' ::     6.392305 sec
E20251226 05:02:56.728277 140398635216320 output_stream.cpp:111] Opened result file: att_bm64_bn64_bk128_nonkdim32/smci355-ccs-aus-n11-29/79791_results.json
W20251226 05:02:57.369137 140398635216320 simple_timer.cpp:55] [rocprofv3] tool finalization ::     0.641250 sec
Running: BM=64, BN=128, BK=32, nonKDim=16
W20251226 05:02:58.002498 140427818749376 simple_timer.cpp:55] [rocprofv3] tool initialization ::     0.139306 sec
W20251226 05:02:58.002861 140427818749376 simple_timer.cpp:55] [rocprofv3] 'python test.matmul.padded.bash.py --BM 64 --BN 128 --BK 32 --nonKDim 16' ::     0.000000 sec
W20251226 05:02:59.252857 140427818749376 tool.cpp:2158] HSA version 8.18.0 initialized (instance=0)
Running benchmark with BM=64, BN=128, BK=32, MFMA_nonKDim16
E20251226 05:02:59.587582 140427818749376 output_stream.cpp:111] Opened result file: att_bm64_bn128_bk32_nonkdim16/smci355-ccs-aus-n11-29/79861_gfx950_code_object_id_1.out
E20251226 05:02:59.750003 140427818749376 output_stream.cpp:111] Opened result file: att_bm64_bn128_bk32_nonkdim16/smci355-ccs-aus-n11-29/79861_gfx950_code_object_id_2.out
E20251226 05:02:59.935999 140427818749376 output_stream.cpp:111] Opened result file: att_bm64_bn128_bk32_nonkdim16/smci355-ccs-aus-n11-29/79861_gfx950_code_object_id_3.out
use_block_pingpong=True
options.num_stages=2
E20251226 05:03:03.071306 140427818749376 output_stream.cpp:111] Opened result file: att_bm64_bn128_bk32_nonkdim16/smci355-ccs-aus-n11-29/79861_gfx950_code_object_id_4.out
E20251226 05:03:03.145028 140427818749376 output_stream.cpp:111] Opened result file: att_bm64_bn128_bk32_nonkdim16/smci355-ccs-aus-n11-29/79861_gfx950_code_object_id_5.out
E20251226 05:03:03.236816 140427818749376 output_stream.cpp:111] Opened result file: att_bm64_bn128_bk32_nonkdim16/smci355-ccs-aus-n11-29/79861_gfx950_code_object_id_6.out
E20251226 05:03:03.261574 140427818749376 output_stream.cpp:111] Opened result file: att_bm64_bn128_bk32_nonkdim16/smci355-ccs-aus-n11-29/79861_gfx950_code_object_id_7.out
E20251226 05:03:03.366455 140427818749376 output_stream.cpp:111] Opened result file: att_bm64_bn128_bk32_nonkdim16/smci355-ccs-aus-n11-29/79861_gfx950_code_object_id_8.out
E20251226 05:03:03.376441 140427818749376 output_stream.cpp:111] Opened result file: att_bm64_bn128_bk32_nonkdim16/smci355-ccs-aus-n11-29/79861_gfx950_code_object_id_9.out
E20251226 05:03:03.471738 140427818749376 output_stream.cpp:111] Opened result file: att_bm64_bn128_bk32_nonkdim16/smci355-ccs-aus-n11-29/79861_gfx950_code_object_id_10.out
E20251226 05:03:03.487171 140427818749376 output_stream.cpp:111] Opened result file: att_bm64_bn128_bk32_nonkdim16/smci355-ccs-aus-n11-29/79861_gfx950_code_object_id_11.out
E20251226 05:03:03.499939 140427818749376 output_stream.cpp:111] Opened result file: att_bm64_bn128_bk32_nonkdim16/smci355-ccs-aus-n11-29/79861_gfx950_code_object_id_12.out
✅ Triton and Torch match
E20251226 05:03:03.751043 140427818749376 output_stream.cpp:111] Opened result file: att_bm64_bn128_bk32_nonkdim16/smci355-ccs-aus-n11-29/79861_gfx950_code_object_id_13.out
E20251226 05:03:03.785715 140427818749376 output_stream.cpp:111] Opened result file: att_bm64_bn128_bk32_nonkdim16/smci355-ccs-aus-n11-29/79861_gfx950_code_object_id_14.out
E20251226 05:03:03.789923 140139617580608 output_stream.cpp:111] Opened result file: att_bm64_bn128_bk32_nonkdim16/smci355-ccs-aus-n11-29/79861_37336_shader_engine_0_32.att
E20251226 05:03:03.791324 140139617580608 output_stream.cpp:111] Opened result file: att_bm64_bn128_bk32_nonkdim16/smci355-ccs-aus-n11-29/79861_37336_shader_engine_1_32.att
E20251226 05:03:03.791776 140139617580608 output_stream.cpp:111] Opened result file: att_bm64_bn128_bk32_nonkdim16/smci355-ccs-aus-n11-29/79861_37336_shader_engine_2_32.att
E20251226 05:03:03.792740 140139617580608 output_stream.cpp:111] Opened result file: att_bm64_bn128_bk32_nonkdim16/smci355-ccs-aus-n11-29/79861_37336_shader_engine_3_32.att
matmul-performance-BM64-BN128-BK32-mfma16:
        M       N       K  Triton (TFLOPS)
0  4096.0  4096.0  4096.0       579.029217
W20251226 05:03:03.986725 140427818749376 simple_timer.cpp:55] [rocprofv3] 'python test.matmul.padded.bash.py --BM 64 --BN 128 --BK 32 --nonKDim 16' ::     5.983864 sec
E20251226 05:03:04.066455 140427818749376 output_stream.cpp:111] Opened result file: att_bm64_bn128_bk32_nonkdim16/smci355-ccs-aus-n11-29/79861_results.json
W20251226 05:03:04.675396 140427818749376 simple_timer.cpp:55] [rocprofv3] tool finalization ::     0.609369 sec
Running: BM=64, BN=128, BK=32, nonKDim=32
W20251226 05:03:05.309552 140413465562560 simple_timer.cpp:55] [rocprofv3] tool initialization ::     0.140065 sec
W20251226 05:03:05.309858 140413465562560 simple_timer.cpp:55] [rocprofv3] 'python test.matmul.padded.bash.py --BM 64 --BN 128 --BK 32 --nonKDim 32' ::     0.000000 sec
W20251226 05:03:06.550310 140413465562560 tool.cpp:2158] HSA version 8.18.0 initialized (instance=0)
Running benchmark with BM=64, BN=128, BK=32, MFMA_nonKDim32
E20251226 05:03:06.889992 140413465562560 output_stream.cpp:111] Opened result file: att_bm64_bn128_bk32_nonkdim32/smci355-ccs-aus-n11-29/79931_gfx950_code_object_id_1.out
E20251226 05:03:07.031206 140413465562560 output_stream.cpp:111] Opened result file: att_bm64_bn128_bk32_nonkdim32/smci355-ccs-aus-n11-29/79931_gfx950_code_object_id_2.out
E20251226 05:03:07.225127 140413465562560 output_stream.cpp:111] Opened result file: att_bm64_bn128_bk32_nonkdim32/smci355-ccs-aus-n11-29/79931_gfx950_code_object_id_3.out
use_block_pingpong=True
options.num_stages=2
E20251226 05:03:10.606532 140413465562560 output_stream.cpp:111] Opened result file: att_bm64_bn128_bk32_nonkdim32/smci355-ccs-aus-n11-29/79931_gfx950_code_object_id_4.out
E20251226 05:03:10.680344 140413465562560 output_stream.cpp:111] Opened result file: att_bm64_bn128_bk32_nonkdim32/smci355-ccs-aus-n11-29/79931_gfx950_code_object_id_5.out
E20251226 05:03:10.774795 140413465562560 output_stream.cpp:111] Opened result file: att_bm64_bn128_bk32_nonkdim32/smci355-ccs-aus-n11-29/79931_gfx950_code_object_id_6.out
E20251226 05:03:10.799886 140413465562560 output_stream.cpp:111] Opened result file: att_bm64_bn128_bk32_nonkdim32/smci355-ccs-aus-n11-29/79931_gfx950_code_object_id_7.out
E20251226 05:03:10.908089 140413465562560 output_stream.cpp:111] Opened result file: att_bm64_bn128_bk32_nonkdim32/smci355-ccs-aus-n11-29/79931_gfx950_code_object_id_8.out
E20251226 05:03:10.919308 140413465562560 output_stream.cpp:111] Opened result file: att_bm64_bn128_bk32_nonkdim32/smci355-ccs-aus-n11-29/79931_gfx950_code_object_id_9.out
E20251226 05:03:11.018369 140413465562560 output_stream.cpp:111] Opened result file: att_bm64_bn128_bk32_nonkdim32/smci355-ccs-aus-n11-29/79931_gfx950_code_object_id_10.out
E20251226 05:03:11.033898 140413465562560 output_stream.cpp:111] Opened result file: att_bm64_bn128_bk32_nonkdim32/smci355-ccs-aus-n11-29/79931_gfx950_code_object_id_11.out
E20251226 05:03:11.047110 140413465562560 output_stream.cpp:111] Opened result file: att_bm64_bn128_bk32_nonkdim32/smci355-ccs-aus-n11-29/79931_gfx950_code_object_id_12.out
✅ Triton and Torch match
E20251226 05:03:11.301066 140413465562560 output_stream.cpp:111] Opened result file: att_bm64_bn128_bk32_nonkdim32/smci355-ccs-aus-n11-29/79931_gfx950_code_object_id_13.out
E20251226 05:03:11.311955 140413465562560 output_stream.cpp:111] Opened result file: att_bm64_bn128_bk32_nonkdim32/smci355-ccs-aus-n11-29/79931_gfx950_code_object_id_14.out
E20251226 05:03:11.316034 140125256283712 output_stream.cpp:111] Opened result file: att_bm64_bn128_bk32_nonkdim32/smci355-ccs-aus-n11-29/79931_35359_shader_engine_0_32.att
E20251226 05:03:11.317159 140125256283712 output_stream.cpp:111] Opened result file: att_bm64_bn128_bk32_nonkdim32/smci355-ccs-aus-n11-29/79931_35359_shader_engine_1_32.att
E20251226 05:03:11.317607 140125256283712 output_stream.cpp:111] Opened result file: att_bm64_bn128_bk32_nonkdim32/smci355-ccs-aus-n11-29/79931_35359_shader_engine_2_32.att
E20251226 05:03:11.318522 140125256283712 output_stream.cpp:111] Opened result file: att_bm64_bn128_bk32_nonkdim32/smci355-ccs-aus-n11-29/79931_35359_shader_engine_3_32.att
matmul-performance-BM64-BN128-BK32-mfma32:
        M       N       K  Triton (TFLOPS)
0  4096.0  4096.0  4096.0       657.409189
W20251226 05:03:11.529094 140413465562560 simple_timer.cpp:55] [rocprofv3] 'python test.matmul.padded.bash.py --BM 64 --BN 128 --BK 32 --nonKDim 32' ::     6.219236 sec
E20251226 05:03:11.613385 140413465562560 output_stream.cpp:111] Opened result file: att_bm64_bn128_bk32_nonkdim32/smci355-ccs-aus-n11-29/79931_results.json
W20251226 05:03:12.193830 140413465562560 simple_timer.cpp:55] [rocprofv3] tool finalization ::     0.580841 sec
Running: BM=64, BN=128, BK=64, nonKDim=16
W20251226 05:03:12.821702 139892565331392 simple_timer.cpp:55] [rocprofv3] tool initialization ::     0.138353 sec
W20251226 05:03:12.822043 139892565331392 simple_timer.cpp:55] [rocprofv3] 'python test.matmul.padded.bash.py --BM 64 --BN 128 --BK 64 --nonKDim 16' ::     0.000000 sec
W20251226 05:03:14.068663 139892565331392 tool.cpp:2158] HSA version 8.18.0 initialized (instance=0)
Running benchmark with BM=64, BN=128, BK=64, MFMA_nonKDim16
E20251226 05:03:14.402245 139892565331392 output_stream.cpp:111] Opened result file: att_bm64_bn128_bk64_nonkdim16/smci355-ccs-aus-n11-29/80001_gfx950_code_object_id_1.out
E20251226 05:03:14.525819 139892565331392 output_stream.cpp:111] Opened result file: att_bm64_bn128_bk64_nonkdim16/smci355-ccs-aus-n11-29/80001_gfx950_code_object_id_2.out
E20251226 05:03:14.615123 139892565331392 output_stream.cpp:111] Opened result file: att_bm64_bn128_bk64_nonkdim16/smci355-ccs-aus-n11-29/80001_gfx950_code_object_id_3.out
use_block_pingpong=True
options.num_stages=2
E20251226 05:03:18.122565 139892565331392 output_stream.cpp:111] Opened result file: att_bm64_bn128_bk64_nonkdim16/smci355-ccs-aus-n11-29/80001_gfx950_code_object_id_4.out
E20251226 05:03:18.196559 139892565331392 output_stream.cpp:111] Opened result file: att_bm64_bn128_bk64_nonkdim16/smci355-ccs-aus-n11-29/80001_gfx950_code_object_id_5.out
E20251226 05:03:18.290425 139892565331392 output_stream.cpp:111] Opened result file: att_bm64_bn128_bk64_nonkdim16/smci355-ccs-aus-n11-29/80001_gfx950_code_object_id_6.out
E20251226 05:03:18.315813 139892565331392 output_stream.cpp:111] Opened result file: att_bm64_bn128_bk64_nonkdim16/smci355-ccs-aus-n11-29/80001_gfx950_code_object_id_7.out
E20251226 05:03:18.370197 139892565331392 output_stream.cpp:111] Opened result file: att_bm64_bn128_bk64_nonkdim16/smci355-ccs-aus-n11-29/80001_gfx950_code_object_id_8.out
E20251226 05:03:18.381466 139892565331392 output_stream.cpp:111] Opened result file: att_bm64_bn128_bk64_nonkdim16/smci355-ccs-aus-n11-29/80001_gfx950_code_object_id_9.out
E20251226 05:03:18.424752 139892565331392 output_stream.cpp:111] Opened result file: att_bm64_bn128_bk64_nonkdim16/smci355-ccs-aus-n11-29/80001_gfx950_code_object_id_10.out
E20251226 05:03:18.440107 139892565331392 output_stream.cpp:111] Opened result file: att_bm64_bn128_bk64_nonkdim16/smci355-ccs-aus-n11-29/80001_gfx950_code_object_id_11.out
E20251226 05:03:18.453317 139892565331392 output_stream.cpp:111] Opened result file: att_bm64_bn128_bk64_nonkdim16/smci355-ccs-aus-n11-29/80001_gfx950_code_object_id_12.out
✅ Triton and Torch match
E20251226 05:03:18.705980 139892565331392 output_stream.cpp:111] Opened result file: att_bm64_bn128_bk64_nonkdim16/smci355-ccs-aus-n11-29/80001_gfx950_code_object_id_13.out
E20251226 05:03:18.716518 139892565331392 output_stream.cpp:111] Opened result file: att_bm64_bn128_bk64_nonkdim16/smci355-ccs-aus-n11-29/80001_gfx950_code_object_id_14.out
E20251226 05:03:18.720520 139604327921216 output_stream.cpp:111] Opened result file: att_bm64_bn128_bk64_nonkdim16/smci355-ccs-aus-n11-29/80001_40892_shader_engine_0_32.att
E20251226 05:03:18.721935 139604327921216 output_stream.cpp:111] Opened result file: att_bm64_bn128_bk64_nonkdim16/smci355-ccs-aus-n11-29/80001_40892_shader_engine_1_32.att
E20251226 05:03:18.722412 139604327921216 output_stream.cpp:111] Opened result file: att_bm64_bn128_bk64_nonkdim16/smci355-ccs-aus-n11-29/80001_40892_shader_engine_2_32.att
E20251226 05:03:18.723379 139604327921216 output_stream.cpp:111] Opened result file: att_bm64_bn128_bk64_nonkdim16/smci355-ccs-aus-n11-29/80001_40892_shader_engine_3_32.att
matmul-performance-BM64-BN128-BK64-mfma16:
        M       N       K  Triton (TFLOPS)
0  4096.0  4096.0  4096.0       749.881058
W20251226 05:03:18.932051 139892565331392 simple_timer.cpp:55] [rocprofv3] 'python test.matmul.padded.bash.py --BM 64 --BN 128 --BK 64 --nonKDim 16' ::     6.110007 sec
E20251226 05:03:19.018026 139892565331392 output_stream.cpp:111] Opened result file: att_bm64_bn128_bk64_nonkdim16/smci355-ccs-aus-n11-29/80001_results.json
W20251226 05:03:19.590228 139892565331392 simple_timer.cpp:55] [rocprofv3] tool finalization ::     0.572594 sec
Running: BM=64, BN=128, BK=64, nonKDim=32
W20251226 05:03:20.229253 140076250959296 simple_timer.cpp:55] [rocprofv3] tool initialization ::     0.141155 sec
W20251226 05:03:20.229603 140076250959296 simple_timer.cpp:55] [rocprofv3] 'python test.matmul.padded.bash.py --BM 64 --BN 128 --BK 64 --nonKDim 32' ::     0.000000 sec
W20251226 05:03:21.472038 140076250959296 tool.cpp:2158] HSA version 8.18.0 initialized (instance=0)
Running benchmark with BM=64, BN=128, BK=64, MFMA_nonKDim32
E20251226 05:03:21.809787 140076250959296 output_stream.cpp:111] Opened result file: att_bm64_bn128_bk64_nonkdim32/smci355-ccs-aus-n11-29/80071_gfx950_code_object_id_1.out
E20251226 05:03:21.971633 140076250959296 output_stream.cpp:111] Opened result file: att_bm64_bn128_bk64_nonkdim32/smci355-ccs-aus-n11-29/80071_gfx950_code_object_id_2.out
E20251226 05:03:22.065910 140076250959296 output_stream.cpp:111] Opened result file: att_bm64_bn128_bk64_nonkdim32/smci355-ccs-aus-n11-29/80071_gfx950_code_object_id_3.out
use_block_pingpong=True
options.num_stages=2
E20251226 05:03:25.776027 140076250959296 output_stream.cpp:111] Opened result file: att_bm64_bn128_bk64_nonkdim32/smci355-ccs-aus-n11-29/80071_gfx950_code_object_id_4.out
E20251226 05:03:25.849317 140076250959296 output_stream.cpp:111] Opened result file: att_bm64_bn128_bk64_nonkdim32/smci355-ccs-aus-n11-29/80071_gfx950_code_object_id_5.out
E20251226 05:03:25.940771 140076250959296 output_stream.cpp:111] Opened result file: att_bm64_bn128_bk64_nonkdim32/smci355-ccs-aus-n11-29/80071_gfx950_code_object_id_6.out
E20251226 05:03:25.965744 140076250959296 output_stream.cpp:111] Opened result file: att_bm64_bn128_bk64_nonkdim32/smci355-ccs-aus-n11-29/80071_gfx950_code_object_id_7.out
E20251226 05:03:26.023317 140076250959296 output_stream.cpp:111] Opened result file: att_bm64_bn128_bk64_nonkdim32/smci355-ccs-aus-n11-29/80071_gfx950_code_object_id_8.out
E20251226 05:03:26.034605 140076250959296 output_stream.cpp:111] Opened result file: att_bm64_bn128_bk64_nonkdim32/smci355-ccs-aus-n11-29/80071_gfx950_code_object_id_9.out
E20251226 05:03:26.081863 140076250959296 output_stream.cpp:111] Opened result file: att_bm64_bn128_bk64_nonkdim32/smci355-ccs-aus-n11-29/80071_gfx950_code_object_id_10.out
E20251226 05:03:26.097025 140076250959296 output_stream.cpp:111] Opened result file: att_bm64_bn128_bk64_nonkdim32/smci355-ccs-aus-n11-29/80071_gfx950_code_object_id_11.out
E20251226 05:03:26.110202 140076250959296 output_stream.cpp:111] Opened result file: att_bm64_bn128_bk64_nonkdim32/smci355-ccs-aus-n11-29/80071_gfx950_code_object_id_12.out
✅ Triton and Torch match
E20251226 05:03:26.364634 140076250959296 output_stream.cpp:111] Opened result file: att_bm64_bn128_bk64_nonkdim32/smci355-ccs-aus-n11-29/80071_gfx950_code_object_id_13.out
E20251226 05:03:26.375253 140076250959296 output_stream.cpp:111] Opened result file: att_bm64_bn128_bk64_nonkdim32/smci355-ccs-aus-n11-29/80071_gfx950_code_object_id_14.out
E20251226 05:03:26.379336 139788013270592 output_stream.cpp:111] Opened result file: att_bm64_bn128_bk64_nonkdim32/smci355-ccs-aus-n11-29/80071_36386_shader_engine_0_32.att
E20251226 05:03:26.380412 139788013270592 output_stream.cpp:111] Opened result file: att_bm64_bn128_bk64_nonkdim32/smci355-ccs-aus-n11-29/80071_36386_shader_engine_1_32.att
E20251226 05:03:26.380867 139788013270592 output_stream.cpp:111] Opened result file: att_bm64_bn128_bk64_nonkdim32/smci355-ccs-aus-n11-29/80071_36386_shader_engine_2_32.att
E20251226 05:03:26.381736 139788013270592 output_stream.cpp:111] Opened result file: att_bm64_bn128_bk64_nonkdim32/smci355-ccs-aus-n11-29/80071_36386_shader_engine_3_32.att
matmul-performance-BM64-BN128-BK64-mfma32:
        M       N       K  Triton (TFLOPS)
0  4096.0  4096.0  4096.0       720.628299
W20251226 05:03:26.598476 140076250959296 simple_timer.cpp:55] [rocprofv3] 'python test.matmul.padded.bash.py --BM 64 --BN 128 --BK 64 --nonKDim 32' ::     6.368874 sec
E20251226 05:03:26.682251 140076250959296 output_stream.cpp:111] Opened result file: att_bm64_bn128_bk64_nonkdim32/smci355-ccs-aus-n11-29/80071_results.json
W20251226 05:03:27.163339 140076250959296 simple_timer.cpp:55] [rocprofv3] tool finalization ::     0.481475 sec
Running: BM=64, BN=128, BK=128, nonKDim=16
W20251226 05:03:27.805319 140674076302784 simple_timer.cpp:55] [rocprofv3] tool initialization ::     0.142151 sec
W20251226 05:03:27.805659 140674076302784 simple_timer.cpp:55] [rocprofv3] 'python test.matmul.padded.bash.py --BM 64 --BN 128 --BK 128 --nonKDim 16' ::     0.000000 sec
W20251226 05:03:29.060822 140674076302784 tool.cpp:2158] HSA version 8.18.0 initialized (instance=0)
Running benchmark with BM=64, BN=128, BK=128, MFMA_nonKDim16
E20251226 05:03:29.393620 140674076302784 output_stream.cpp:111] Opened result file: att_bm64_bn128_bk128_nonkdim16/smci355-ccs-aus-n11-29/80141_gfx950_code_object_id_1.out
E20251226 05:03:29.561333 140674076302784 output_stream.cpp:111] Opened result file: att_bm64_bn128_bk128_nonkdim16/smci355-ccs-aus-n11-29/80141_gfx950_code_object_id_2.out
E20251226 05:03:29.753251 140674076302784 output_stream.cpp:111] Opened result file: att_bm64_bn128_bk128_nonkdim16/smci355-ccs-aus-n11-29/80141_gfx950_code_object_id_3.out
use_block_pingpong=True
options.num_stages=2
E20251226 05:03:33.922472 140674076302784 output_stream.cpp:111] Opened result file: att_bm64_bn128_bk128_nonkdim16/smci355-ccs-aus-n11-29/80141_gfx950_code_object_id_4.out
E20251226 05:03:33.997267 140674076302784 output_stream.cpp:111] Opened result file: att_bm64_bn128_bk128_nonkdim16/smci355-ccs-aus-n11-29/80141_gfx950_code_object_id_5.out
E20251226 05:03:34.089036 140674076302784 output_stream.cpp:111] Opened result file: att_bm64_bn128_bk128_nonkdim16/smci355-ccs-aus-n11-29/80141_gfx950_code_object_id_6.out
E20251226 05:03:34.114454 140674076302784 output_stream.cpp:111] Opened result file: att_bm64_bn128_bk128_nonkdim16/smci355-ccs-aus-n11-29/80141_gfx950_code_object_id_7.out
E20251226 05:03:34.221211 140674076302784 output_stream.cpp:111] Opened result file: att_bm64_bn128_bk128_nonkdim16/smci355-ccs-aus-n11-29/80141_gfx950_code_object_id_8.out
E20251226 05:03:34.238804 140674076302784 output_stream.cpp:111] Opened result file: att_bm64_bn128_bk128_nonkdim16/smci355-ccs-aus-n11-29/80141_gfx950_code_object_id_9.out
E20251226 05:03:34.336061 140674076302784 output_stream.cpp:111] Opened result file: att_bm64_bn128_bk128_nonkdim16/smci355-ccs-aus-n11-29/80141_gfx950_code_object_id_10.out
E20251226 05:03:34.351658 140674076302784 output_stream.cpp:111] Opened result file: att_bm64_bn128_bk128_nonkdim16/smci355-ccs-aus-n11-29/80141_gfx950_code_object_id_11.out
E20251226 05:03:34.364890 140674076302784 output_stream.cpp:111] Opened result file: att_bm64_bn128_bk128_nonkdim16/smci355-ccs-aus-n11-29/80141_gfx950_code_object_id_12.out
✅ Triton and Torch match
E20251226 05:03:34.619784 140674076302784 output_stream.cpp:111] Opened result file: att_bm64_bn128_bk128_nonkdim16/smci355-ccs-aus-n11-29/80141_gfx950_code_object_id_13.out
E20251226 05:03:34.630384 140674076302784 output_stream.cpp:111] Opened result file: att_bm64_bn128_bk128_nonkdim16/smci355-ccs-aus-n11-29/80141_gfx950_code_object_id_14.out
E20251226 05:03:34.634890 140385840002624 output_stream.cpp:111] Opened result file: att_bm64_bn128_bk128_nonkdim16/smci355-ccs-aus-n11-29/80141_40389_shader_engine_0_32.att
E20251226 05:03:34.636196 140385840002624 output_stream.cpp:111] Opened result file: att_bm64_bn128_bk128_nonkdim16/smci355-ccs-aus-n11-29/80141_40389_shader_engine_1_32.att
E20251226 05:03:34.636755 140385840002624 output_stream.cpp:111] Opened result file: att_bm64_bn128_bk128_nonkdim16/smci355-ccs-aus-n11-29/80141_40389_shader_engine_2_32.att
E20251226 05:03:34.637832 140385840002624 output_stream.cpp:111] Opened result file: att_bm64_bn128_bk128_nonkdim16/smci355-ccs-aus-n11-29/80141_40389_shader_engine_3_32.att
matmul-performance-BM64-BN128-BK128-mfma16:
        M       N       K  Triton (TFLOPS)
0  4096.0  4096.0  4096.0        498.97785
W20251226 05:03:34.845437 140674076302784 simple_timer.cpp:55] [rocprofv3] 'python test.matmul.padded.bash.py --BM 64 --BN 128 --BK 128 --nonKDim 16' ::     7.039778 sec
E20251226 05:03:34.928212 140674076302784 output_stream.cpp:111] Opened result file: att_bm64_bn128_bk128_nonkdim16/smci355-ccs-aus-n11-29/80141_results.json
W20251226 05:03:35.462554 140674076302784 simple_timer.cpp:55] [rocprofv3] tool finalization ::     0.534740 sec
Running: BM=64, BN=128, BK=128, nonKDim=32
W20251226 05:03:36.100718 140157506014656 simple_timer.cpp:55] [rocprofv3] tool initialization ::     0.138393 sec
W20251226 05:03:36.101053 140157506014656 simple_timer.cpp:55] [rocprofv3] 'python test.matmul.padded.bash.py --BM 64 --BN 128 --BK 128 --nonKDim 32' ::     0.000000 sec
W20251226 05:03:37.339291 140157506014656 tool.cpp:2158] HSA version 8.18.0 initialized (instance=0)
Running benchmark with BM=64, BN=128, BK=128, MFMA_nonKDim32
E20251226 05:03:37.676603 140157506014656 output_stream.cpp:111] Opened result file: att_bm64_bn128_bk128_nonkdim32/smci355-ccs-aus-n11-29/80211_gfx950_code_object_id_1.out
E20251226 05:03:37.840351 140157506014656 output_stream.cpp:111] Opened result file: att_bm64_bn128_bk128_nonkdim32/smci355-ccs-aus-n11-29/80211_gfx950_code_object_id_2.out
E20251226 05:03:38.042046 140157506014656 output_stream.cpp:111] Opened result file: att_bm64_bn128_bk128_nonkdim32/smci355-ccs-aus-n11-29/80211_gfx950_code_object_id_3.out
use_block_pingpong=True
options.num_stages=2
E20251226 05:03:42.516858 140157506014656 output_stream.cpp:111] Opened result file: att_bm64_bn128_bk128_nonkdim32/smci355-ccs-aus-n11-29/80211_gfx950_code_object_id_4.out
E20251226 05:03:42.590676 140157506014656 output_stream.cpp:111] Opened result file: att_bm64_bn128_bk128_nonkdim32/smci355-ccs-aus-n11-29/80211_gfx950_code_object_id_5.out
E20251226 05:03:42.684311 140157506014656 output_stream.cpp:111] Opened result file: att_bm64_bn128_bk128_nonkdim32/smci355-ccs-aus-n11-29/80211_gfx950_code_object_id_6.out
E20251226 05:03:42.709572 140157506014656 output_stream.cpp:111] Opened result file: att_bm64_bn128_bk128_nonkdim32/smci355-ccs-aus-n11-29/80211_gfx950_code_object_id_7.out
E20251226 05:03:42.818942 140157506014656 output_stream.cpp:111] Opened result file: att_bm64_bn128_bk128_nonkdim32/smci355-ccs-aus-n11-29/80211_gfx950_code_object_id_8.out
E20251226 05:03:42.830730 140157506014656 output_stream.cpp:111] Opened result file: att_bm64_bn128_bk128_nonkdim32/smci355-ccs-aus-n11-29/80211_gfx950_code_object_id_9.out
E20251226 05:03:42.931685 140157506014656 output_stream.cpp:111] Opened result file: att_bm64_bn128_bk128_nonkdim32/smci355-ccs-aus-n11-29/80211_gfx950_code_object_id_10.out
E20251226 05:03:42.947663 140157506014656 output_stream.cpp:111] Opened result file: att_bm64_bn128_bk128_nonkdim32/smci355-ccs-aus-n11-29/80211_gfx950_code_object_id_11.out
E20251226 05:03:42.960331 140157506014656 output_stream.cpp:111] Opened result file: att_bm64_bn128_bk128_nonkdim32/smci355-ccs-aus-n11-29/80211_gfx950_code_object_id_12.out
✅ Triton and Torch match
E20251226 05:03:43.214031 140157506014656 output_stream.cpp:111] Opened result file: att_bm64_bn128_bk128_nonkdim32/smci355-ccs-aus-n11-29/80211_gfx950_code_object_id_13.out
E20251226 05:03:43.224449 140157506014656 output_stream.cpp:111] Opened result file: att_bm64_bn128_bk128_nonkdim32/smci355-ccs-aus-n11-29/80211_gfx950_code_object_id_14.out
E20251226 05:03:43.228983 139869303076416 output_stream.cpp:111] Opened result file: att_bm64_bn128_bk128_nonkdim32/smci355-ccs-aus-n11-29/80211_19925_shader_engine_0_32.att
E20251226 05:03:43.230199 139869303076416 output_stream.cpp:111] Opened result file: att_bm64_bn128_bk128_nonkdim32/smci355-ccs-aus-n11-29/80211_19925_shader_engine_1_32.att
E20251226 05:03:43.230755 139869303076416 output_stream.cpp:111] Opened result file: att_bm64_bn128_bk128_nonkdim32/smci355-ccs-aus-n11-29/80211_19925_shader_engine_2_32.att
E20251226 05:03:43.231772 139869303076416 output_stream.cpp:111] Opened result file: att_bm64_bn128_bk128_nonkdim32/smci355-ccs-aus-n11-29/80211_19925_shader_engine_3_32.att
matmul-performance-BM64-BN128-BK128-mfma32:
        M       N       K  Triton (TFLOPS)
0  4096.0  4096.0  4096.0       477.448201
W20251226 05:03:43.446639 140157506014656 simple_timer.cpp:55] [rocprofv3] 'python test.matmul.padded.bash.py --BM 64 --BN 128 --BK 128 --nonKDim 32' ::     7.345587 sec
E20251226 05:03:43.530800 140157506014656 output_stream.cpp:111] Opened result file: att_bm64_bn128_bk128_nonkdim32/smci355-ccs-aus-n11-29/80211_results.json
W20251226 05:03:44.051140 140157506014656 simple_timer.cpp:55] [rocprofv3] tool finalization ::     0.520729 sec
Running: BM=128, BN=32, BK=32, nonKDim=16
W20251226 05:03:44.696522 139742476557760 simple_timer.cpp:55] [rocprofv3] tool initialization ::     0.138214 sec
W20251226 05:03:44.696876 139742476557760 simple_timer.cpp:55] [rocprofv3] 'python test.matmul.padded.bash.py --BM 128 --BN 32 --BK 32 --nonKDim 16' ::     0.000000 sec
W20251226 05:03:45.939725 139742476557760 tool.cpp:2158] HSA version 8.18.0 initialized (instance=0)
Running benchmark with BM=128, BN=32, BK=32, MFMA_nonKDim16
E20251226 05:03:46.277386 139742476557760 output_stream.cpp:111] Opened result file: att_bm128_bn32_bk32_nonkdim16/smci355-ccs-aus-n11-29/80281_gfx950_code_object_id_1.out
E20251226 05:03:46.426964 139742476557760 output_stream.cpp:111] Opened result file: att_bm128_bn32_bk32_nonkdim16/smci355-ccs-aus-n11-29/80281_gfx950_code_object_id_2.out
E20251226 05:03:46.610874 139742476557760 output_stream.cpp:111] Opened result file: att_bm128_bn32_bk32_nonkdim16/smci355-ccs-aus-n11-29/80281_gfx950_code_object_id_3.out
use_block_pingpong=True
options.num_stages=2
E20251226 05:03:49.558181 139742476557760 output_stream.cpp:111] Opened result file: att_bm128_bn32_bk32_nonkdim16/smci355-ccs-aus-n11-29/80281_gfx950_code_object_id_4.out
E20251226 05:03:49.632139 139742476557760 output_stream.cpp:111] Opened result file: att_bm128_bn32_bk32_nonkdim16/smci355-ccs-aus-n11-29/80281_gfx950_code_object_id_5.out
E20251226 05:03:49.725678 139742476557760 output_stream.cpp:111] Opened result file: att_bm128_bn32_bk32_nonkdim16/smci355-ccs-aus-n11-29/80281_gfx950_code_object_id_6.out
E20251226 05:03:49.750998 139742476557760 output_stream.cpp:111] Opened result file: att_bm128_bn32_bk32_nonkdim16/smci355-ccs-aus-n11-29/80281_gfx950_code_object_id_7.out
E20251226 05:03:49.854671 139742476557760 output_stream.cpp:111] Opened result file: att_bm128_bn32_bk32_nonkdim16/smci355-ccs-aus-n11-29/80281_gfx950_code_object_id_8.out
E20251226 05:03:49.866149 139742476557760 output_stream.cpp:111] Opened result file: att_bm128_bn32_bk32_nonkdim16/smci355-ccs-aus-n11-29/80281_gfx950_code_object_id_9.out
E20251226 05:03:49.958648 139742476557760 output_stream.cpp:111] Opened result file: att_bm128_bn32_bk32_nonkdim16/smci355-ccs-aus-n11-29/80281_gfx950_code_object_id_10.out
E20251226 05:03:49.973771 139742476557760 output_stream.cpp:111] Opened result file: att_bm128_bn32_bk32_nonkdim16/smci355-ccs-aus-n11-29/80281_gfx950_code_object_id_11.out
E20251226 05:03:49.986401 139742476557760 output_stream.cpp:111] Opened result file: att_bm128_bn32_bk32_nonkdim16/smci355-ccs-aus-n11-29/80281_gfx950_code_object_id_12.out
✅ Triton and Torch match
E20251226 05:03:50.236710 139742476557760 output_stream.cpp:111] Opened result file: att_bm128_bn32_bk32_nonkdim16/smci355-ccs-aus-n11-29/80281_gfx950_code_object_id_13.out
E20251226 05:03:50.247426 139742476557760 output_stream.cpp:111] Opened result file: att_bm128_bn32_bk32_nonkdim16/smci355-ccs-aus-n11-29/80281_gfx950_code_object_id_14.out
E20251226 05:03:50.252629 139454238946880 output_stream.cpp:111] Opened result file: att_bm128_bn32_bk32_nonkdim16/smci355-ccs-aus-n11-29/80281_2368_shader_engine_0_32.att
E20251226 05:03:50.255156 139454238946880 output_stream.cpp:111] Opened result file: att_bm128_bn32_bk32_nonkdim16/smci355-ccs-aus-n11-29/80281_2368_shader_engine_1_32.att
E20251226 05:03:50.255900 139454238946880 output_stream.cpp:111] Opened result file: att_bm128_bn32_bk32_nonkdim16/smci355-ccs-aus-n11-29/80281_2368_shader_engine_2_32.att
E20251226 05:03:50.257582 139454238946880 output_stream.cpp:111] Opened result file: att_bm128_bn32_bk32_nonkdim16/smci355-ccs-aus-n11-29/80281_2368_shader_engine_3_32.att
matmul-performance-BM128-BN32-BK32-mfma16:
        M       N       K  Triton (TFLOPS)
0  4096.0  4096.0  4096.0        314.12966
W20251226 05:03:50.471019 139742476557760 simple_timer.cpp:55] [rocprofv3] 'python test.matmul.padded.bash.py --BM 128 --BN 32 --BK 32 --nonKDim 16' ::     5.774144 sec
E20251226 05:03:50.553810 139742476557760 output_stream.cpp:111] Opened result file: att_bm128_bn32_bk32_nonkdim16/smci355-ccs-aus-n11-29/80281_results.json
W20251226 05:03:51.664327 139742476557760 simple_timer.cpp:55] [rocprofv3] tool finalization ::     1.110903 sec
Running: BM=128, BN=32, BK=32, nonKDim=32
W20251226 05:03:52.311869 140344480529856 simple_timer.cpp:55] [rocprofv3] tool initialization ::     0.141841 sec
W20251226 05:03:52.312204 140344480529856 simple_timer.cpp:55] [rocprofv3] 'python test.matmul.padded.bash.py --BM 128 --BN 32 --BK 32 --nonKDim 32' ::     0.000000 sec
W20251226 05:03:53.552770 140344480529856 tool.cpp:2158] HSA version 8.18.0 initialized (instance=0)
Running benchmark with BM=128, BN=32, BK=32, MFMA_nonKDim32
E20251226 05:03:53.888527 140344480529856 output_stream.cpp:111] Opened result file: att_bm128_bn32_bk32_nonkdim32/smci355-ccs-aus-n11-29/80351_gfx950_code_object_id_1.out
E20251226 05:03:54.060257 140344480529856 output_stream.cpp:111] Opened result file: att_bm128_bn32_bk32_nonkdim32/smci355-ccs-aus-n11-29/80351_gfx950_code_object_id_2.out
E20251226 05:03:54.243138 140344480529856 output_stream.cpp:111] Opened result file: att_bm128_bn32_bk32_nonkdim32/smci355-ccs-aus-n11-29/80351_gfx950_code_object_id_3.out
use_block_pingpong=True
options.num_stages=2
E20251226 05:03:57.263539 140344480529856 output_stream.cpp:111] Opened result file: att_bm128_bn32_bk32_nonkdim32/smci355-ccs-aus-n11-29/80351_gfx950_code_object_id_4.out
E20251226 05:03:57.337340 140344480529856 output_stream.cpp:111] Opened result file: att_bm128_bn32_bk32_nonkdim32/smci355-ccs-aus-n11-29/80351_gfx950_code_object_id_5.out
E20251226 05:03:57.429102 140344480529856 output_stream.cpp:111] Opened result file: att_bm128_bn32_bk32_nonkdim32/smci355-ccs-aus-n11-29/80351_gfx950_code_object_id_6.out
E20251226 05:03:57.453938 140344480529856 output_stream.cpp:111] Opened result file: att_bm128_bn32_bk32_nonkdim32/smci355-ccs-aus-n11-29/80351_gfx950_code_object_id_7.out
E20251226 05:03:57.558253 140344480529856 output_stream.cpp:111] Opened result file: att_bm128_bn32_bk32_nonkdim32/smci355-ccs-aus-n11-29/80351_gfx950_code_object_id_8.out
E20251226 05:03:57.569543 140344480529856 output_stream.cpp:111] Opened result file: att_bm128_bn32_bk32_nonkdim32/smci355-ccs-aus-n11-29/80351_gfx950_code_object_id_9.out
E20251226 05:03:57.662892 140344480529856 output_stream.cpp:111] Opened result file: att_bm128_bn32_bk32_nonkdim32/smci355-ccs-aus-n11-29/80351_gfx950_code_object_id_10.out
E20251226 05:03:57.677820 140344480529856 output_stream.cpp:111] Opened result file: att_bm128_bn32_bk32_nonkdim32/smci355-ccs-aus-n11-29/80351_gfx950_code_object_id_11.out
E20251226 05:03:57.690230 140344480529856 output_stream.cpp:111] Opened result file: att_bm128_bn32_bk32_nonkdim32/smci355-ccs-aus-n11-29/80351_gfx950_code_object_id_12.out
✅ Triton and Torch match
E20251226 05:03:57.938876 140344480529856 output_stream.cpp:111] Opened result file: att_bm128_bn32_bk32_nonkdim32/smci355-ccs-aus-n11-29/80351_gfx950_code_object_id_13.out
E20251226 05:03:57.949279 140344480529856 output_stream.cpp:111] Opened result file: att_bm128_bn32_bk32_nonkdim32/smci355-ccs-aus-n11-29/80351_gfx950_code_object_id_14.out
E20251226 05:03:57.954419 140056268371520 output_stream.cpp:111] Opened result file: att_bm128_bn32_bk32_nonkdim32/smci355-ccs-aus-n11-29/80351_31315_shader_engine_0_32.att
E20251226 05:03:57.956498 140056268371520 output_stream.cpp:111] Opened result file: att_bm128_bn32_bk32_nonkdim32/smci355-ccs-aus-n11-29/80351_31315_shader_engine_1_32.att
E20251226 05:03:57.957253 140056268371520 output_stream.cpp:111] Opened result file: att_bm128_bn32_bk32_nonkdim32/smci355-ccs-aus-n11-29/80351_31315_shader_engine_2_32.att
E20251226 05:03:57.958927 140056268371520 output_stream.cpp:111] Opened result file: att_bm128_bn32_bk32_nonkdim32/smci355-ccs-aus-n11-29/80351_31315_shader_engine_3_32.att
matmul-performance-BM128-BN32-BK32-mfma32:
        M       N       K  Triton (TFLOPS)
0  4096.0  4096.0  4096.0       315.643231
W20251226 05:03:58.168763 140344480529856 simple_timer.cpp:55] [rocprofv3] 'python test.matmul.padded.bash.py --BM 128 --BN 32 --BK 32 --nonKDim 32' ::     5.856560 sec
E20251226 05:03:58.253882 140344480529856 output_stream.cpp:111] Opened result file: att_bm128_bn32_bk32_nonkdim32/smci355-ccs-aus-n11-29/80351_results.json
W20251226 05:03:59.340235 140344480529856 simple_timer.cpp:55] [rocprofv3] tool finalization ::     1.086732 sec
Running: BM=128, BN=32, BK=64, nonKDim=16
W20251226 05:03:59.976710 140054592880064 simple_timer.cpp:55] [rocprofv3] tool initialization ::     0.142245 sec
W20251226 05:03:59.977072 140054592880064 simple_timer.cpp:55] [rocprofv3] 'python test.matmul.padded.bash.py --BM 128 --BN 32 --BK 64 --nonKDim 16' ::     0.000000 sec
W20251226 05:04:01.236290 140054592880064 tool.cpp:2158] HSA version 8.18.0 initialized (instance=0)
Running benchmark with BM=128, BN=32, BK=64, MFMA_nonKDim16
E20251226 05:04:01.571618 140054592880064 output_stream.cpp:111] Opened result file: att_bm128_bn32_bk64_nonkdim16/smci355-ccs-aus-n11-29/80421_gfx950_code_object_id_1.out
E20251226 05:04:01.761657 140054592880064 output_stream.cpp:111] Opened result file: att_bm128_bn32_bk64_nonkdim16/smci355-ccs-aus-n11-29/80421_gfx950_code_object_id_2.out
E20251226 05:04:01.961466 140054592880064 output_stream.cpp:111] Opened result file: att_bm128_bn32_bk64_nonkdim16/smci355-ccs-aus-n11-29/80421_gfx950_code_object_id_3.out
use_block_pingpong=True
options.num_stages=2
E20251226 05:04:05.144565 140054592880064 output_stream.cpp:111] Opened result file: att_bm128_bn32_bk64_nonkdim16/smci355-ccs-aus-n11-29/80421_gfx950_code_object_id_4.out
E20251226 05:04:05.218214 140054592880064 output_stream.cpp:111] Opened result file: att_bm128_bn32_bk64_nonkdim16/smci355-ccs-aus-n11-29/80421_gfx950_code_object_id_5.out
E20251226 05:04:05.312158 140054592880064 output_stream.cpp:111] Opened result file: att_bm128_bn32_bk64_nonkdim16/smci355-ccs-aus-n11-29/80421_gfx950_code_object_id_6.out
E20251226 05:04:05.337466 140054592880064 output_stream.cpp:111] Opened result file: att_bm128_bn32_bk64_nonkdim16/smci355-ccs-aus-n11-29/80421_gfx950_code_object_id_7.out
E20251226 05:04:05.448353 140054592880064 output_stream.cpp:111] Opened result file: att_bm128_bn32_bk64_nonkdim16/smci355-ccs-aus-n11-29/80421_gfx950_code_object_id_8.out
E20251226 05:04:05.460105 140054592880064 output_stream.cpp:111] Opened result file: att_bm128_bn32_bk64_nonkdim16/smci355-ccs-aus-n11-29/80421_gfx950_code_object_id_9.out
E20251226 05:04:05.559541 140054592880064 output_stream.cpp:111] Opened result file: att_bm128_bn32_bk64_nonkdim16/smci355-ccs-aus-n11-29/80421_gfx950_code_object_id_10.out
E20251226 05:04:05.575524 140054592880064 output_stream.cpp:111] Opened result file: att_bm128_bn32_bk64_nonkdim16/smci355-ccs-aus-n11-29/80421_gfx950_code_object_id_11.out
E20251226 05:04:05.588099 140054592880064 output_stream.cpp:111] Opened result file: att_bm128_bn32_bk64_nonkdim16/smci355-ccs-aus-n11-29/80421_gfx950_code_object_id_12.out
✅ Triton and Torch match
E20251226 05:04:05.842692 140054592880064 output_stream.cpp:111] Opened result file: att_bm128_bn32_bk64_nonkdim16/smci355-ccs-aus-n11-29/80421_gfx950_code_object_id_13.out
E20251226 05:04:05.852987 140054592880064 output_stream.cpp:111] Opened result file: att_bm128_bn32_bk64_nonkdim16/smci355-ccs-aus-n11-29/80421_gfx950_code_object_id_14.out
E20251226 05:04:05.857824 139766358079040 output_stream.cpp:111] Opened result file: att_bm128_bn32_bk64_nonkdim16/smci355-ccs-aus-n11-29/80421_37200_shader_engine_0_32.att
E20251226 05:04:05.859626 139766358079040 output_stream.cpp:111] Opened result file: att_bm128_bn32_bk64_nonkdim16/smci355-ccs-aus-n11-29/80421_37200_shader_engine_1_32.att
E20251226 05:04:05.860234 139766358079040 output_stream.cpp:111] Opened result file: att_bm128_bn32_bk64_nonkdim16/smci355-ccs-aus-n11-29/80421_37200_shader_engine_2_32.att
E20251226 05:04:05.861580 139766358079040 output_stream.cpp:111] Opened result file: att_bm128_bn32_bk64_nonkdim16/smci355-ccs-aus-n11-29/80421_37200_shader_engine_3_32.att
matmul-performance-BM128-BN32-BK64-mfma16:
        M       N       K  Triton (TFLOPS)
0  4096.0  4096.0  4096.0       484.514904
W20251226 05:04:06.071923 140054592880064 simple_timer.cpp:55] [rocprofv3] 'python test.matmul.padded.bash.py --BM 128 --BN 32 --BK 64 --nonKDim 16' ::     6.094852 sec
E20251226 05:04:06.157078 140054592880064 output_stream.cpp:111] Opened result file: att_bm128_bn32_bk64_nonkdim16/smci355-ccs-aus-n11-29/80421_results.json
W20251226 05:04:06.992762 140054592880064 simple_timer.cpp:55] [rocprofv3] tool finalization ::     0.836087 sec
Running: BM=128, BN=32, BK=64, nonKDim=32
W20251226 05:04:07.634268 140707396173248 simple_timer.cpp:55] [rocprofv3] tool initialization ::     0.139550 sec
W20251226 05:04:07.634602 140707396173248 simple_timer.cpp:55] [rocprofv3] 'python test.matmul.padded.bash.py --BM 128 --BN 32 --BK 64 --nonKDim 32' ::     0.000000 sec
W20251226 05:04:08.848086 140707396173248 tool.cpp:2158] HSA version 8.18.0 initialized (instance=0)
Running benchmark with BM=128, BN=32, BK=64, MFMA_nonKDim32
E20251226 05:04:09.182082 140707396173248 output_stream.cpp:111] Opened result file: att_bm128_bn32_bk64_nonkdim32/smci355-ccs-aus-n11-29/80491_gfx950_code_object_id_1.out
E20251226 05:04:09.311821 140707396173248 output_stream.cpp:111] Opened result file: att_bm128_bn32_bk64_nonkdim32/smci355-ccs-aus-n11-29/80491_gfx950_code_object_id_2.out
E20251226 05:04:09.436502 140707396173248 output_stream.cpp:111] Opened result file: att_bm128_bn32_bk64_nonkdim32/smci355-ccs-aus-n11-29/80491_gfx950_code_object_id_3.out
use_block_pingpong=True
options.num_stages=2
E20251226 05:04:12.684698 140707396173248 output_stream.cpp:111] Opened result file: att_bm128_bn32_bk64_nonkdim32/smci355-ccs-aus-n11-29/80491_gfx950_code_object_id_4.out
E20251226 05:04:12.757907 140707396173248 output_stream.cpp:111] Opened result file: att_bm128_bn32_bk64_nonkdim32/smci355-ccs-aus-n11-29/80491_gfx950_code_object_id_5.out
E20251226 05:04:12.851372 140707396173248 output_stream.cpp:111] Opened result file: att_bm128_bn32_bk64_nonkdim32/smci355-ccs-aus-n11-29/80491_gfx950_code_object_id_6.out
E20251226 05:04:12.876332 140707396173248 output_stream.cpp:111] Opened result file: att_bm128_bn32_bk64_nonkdim32/smci355-ccs-aus-n11-29/80491_gfx950_code_object_id_7.out
E20251226 05:04:12.947315 140707396173248 output_stream.cpp:111] Opened result file: att_bm128_bn32_bk64_nonkdim32/smci355-ccs-aus-n11-29/80491_gfx950_code_object_id_8.out
E20251226 05:04:12.956683 140707396173248 output_stream.cpp:111] Opened result file: att_bm128_bn32_bk64_nonkdim32/smci355-ccs-aus-n11-29/80491_gfx950_code_object_id_9.out
E20251226 05:04:13.018711 140707396173248 output_stream.cpp:111] Opened result file: att_bm128_bn32_bk64_nonkdim32/smci355-ccs-aus-n11-29/80491_gfx950_code_object_id_10.out
E20251226 05:04:13.034219 140707396173248 output_stream.cpp:111] Opened result file: att_bm128_bn32_bk64_nonkdim32/smci355-ccs-aus-n11-29/80491_gfx950_code_object_id_11.out
E20251226 05:04:13.046904 140707396173248 output_stream.cpp:111] Opened result file: att_bm128_bn32_bk64_nonkdim32/smci355-ccs-aus-n11-29/80491_gfx950_code_object_id_12.out
✅ Triton and Torch match
E20251226 05:04:13.299476 140707396173248 output_stream.cpp:111] Opened result file: att_bm128_bn32_bk64_nonkdim32/smci355-ccs-aus-n11-29/80491_gfx950_code_object_id_13.out
E20251226 05:04:13.309883 140707396173248 output_stream.cpp:111] Opened result file: att_bm128_bn32_bk64_nonkdim32/smci355-ccs-aus-n11-29/80491_gfx950_code_object_id_14.out
E20251226 05:04:13.314539 140419159553600 output_stream.cpp:111] Opened result file: att_bm128_bn32_bk64_nonkdim32/smci355-ccs-aus-n11-29/80491_57296_shader_engine_0_32.att
E20251226 05:04:13.315988 140419159553600 output_stream.cpp:111] Opened result file: att_bm128_bn32_bk64_nonkdim32/smci355-ccs-aus-n11-29/80491_57296_shader_engine_1_32.att
E20251226 05:04:13.316578 140419159553600 output_stream.cpp:111] Opened result file: att_bm128_bn32_bk64_nonkdim32/smci355-ccs-aus-n11-29/80491_57296_shader_engine_2_32.att
E20251226 05:04:13.317801 140419159553600 output_stream.cpp:111] Opened result file: att_bm128_bn32_bk64_nonkdim32/smci355-ccs-aus-n11-29/80491_57296_shader_engine_3_32.att
matmul-performance-BM128-BN32-BK64-mfma32:
        M       N       K  Triton (TFLOPS)
0  4096.0  4096.0  4096.0       467.633708
W20251226 05:04:13.532434 140707396173248 simple_timer.cpp:55] [rocprofv3] 'python test.matmul.padded.bash.py --BM 128 --BN 32 --BK 64 --nonKDim 32' ::     5.897832 sec
E20251226 05:04:13.611930 140707396173248 output_stream.cpp:111] Opened result file: att_bm128_bn32_bk64_nonkdim32/smci355-ccs-aus-n11-29/80491_results.json
W20251226 05:04:14.339016 140707396173248 simple_timer.cpp:55] [rocprofv3] tool finalization ::     0.727472 sec
Running: BM=128, BN=32, BK=128, nonKDim=16
W20251226 05:04:14.972427 139718418750912 simple_timer.cpp:55] [rocprofv3] tool initialization ::     0.140489 sec
W20251226 05:04:14.972765 139718418750912 simple_timer.cpp:55] [rocprofv3] 'python test.matmul.padded.bash.py --BM 128 --BN 32 --BK 128 --nonKDim 16' ::     0.000000 sec
W20251226 05:04:16.205014 139718418750912 tool.cpp:2158] HSA version 8.18.0 initialized (instance=0)
Running benchmark with BM=128, BN=32, BK=128, MFMA_nonKDim16
E20251226 05:04:16.546707 139718418750912 output_stream.cpp:111] Opened result file: att_bm128_bn32_bk128_nonkdim16/smci355-ccs-aus-n11-29/80561_gfx950_code_object_id_1.out
E20251226 05:04:16.714648 139718418750912 output_stream.cpp:111] Opened result file: att_bm128_bn32_bk128_nonkdim16/smci355-ccs-aus-n11-29/80561_gfx950_code_object_id_2.out
E20251226 05:04:16.866169 139718418750912 output_stream.cpp:111] Opened result file: att_bm128_bn32_bk128_nonkdim16/smci355-ccs-aus-n11-29/80561_gfx950_code_object_id_3.out
use_block_pingpong=True
options.num_stages=2
E20251226 05:04:20.689778 139718418750912 output_stream.cpp:111] Opened result file: att_bm128_bn32_bk128_nonkdim16/smci355-ccs-aus-n11-29/80561_gfx950_code_object_id_4.out
E20251226 05:04:20.763254 139718418750912 output_stream.cpp:111] Opened result file: att_bm128_bn32_bk128_nonkdim16/smci355-ccs-aus-n11-29/80561_gfx950_code_object_id_5.out
E20251226 05:04:20.857101 139718418750912 output_stream.cpp:111] Opened result file: att_bm128_bn32_bk128_nonkdim16/smci355-ccs-aus-n11-29/80561_gfx950_code_object_id_6.out
E20251226 05:04:20.881986 139718418750912 output_stream.cpp:111] Opened result file: att_bm128_bn32_bk128_nonkdim16/smci355-ccs-aus-n11-29/80561_gfx950_code_object_id_7.out
E20251226 05:04:20.970436 139718418750912 output_stream.cpp:111] Opened result file: att_bm128_bn32_bk128_nonkdim16/smci355-ccs-aus-n11-29/80561_gfx950_code_object_id_8.out
E20251226 05:04:20.984112 139718418750912 output_stream.cpp:111] Opened result file: att_bm128_bn32_bk128_nonkdim16/smci355-ccs-aus-n11-29/80561_gfx950_code_object_id_9.out
E20251226 05:04:21.060756 139718418750912 output_stream.cpp:111] Opened result file: att_bm128_bn32_bk128_nonkdim16/smci355-ccs-aus-n11-29/80561_gfx950_code_object_id_10.out
E20251226 05:04:21.076071 139718418750912 output_stream.cpp:111] Opened result file: att_bm128_bn32_bk128_nonkdim16/smci355-ccs-aus-n11-29/80561_gfx950_code_object_id_11.out
E20251226 05:04:21.088524 139718418750912 output_stream.cpp:111] Opened result file: att_bm128_bn32_bk128_nonkdim16/smci355-ccs-aus-n11-29/80561_gfx950_code_object_id_12.out
✅ Triton and Torch match
E20251226 05:04:21.338844 139718418750912 output_stream.cpp:111] Opened result file: att_bm128_bn32_bk128_nonkdim16/smci355-ccs-aus-n11-29/80561_gfx950_code_object_id_13.out
E20251226 05:04:21.348918 139718418750912 output_stream.cpp:111] Opened result file: att_bm128_bn32_bk128_nonkdim16/smci355-ccs-aus-n11-29/80561_gfx950_code_object_id_14.out
E20251226 05:04:21.354261 139430182516288 output_stream.cpp:111] Opened result file: att_bm128_bn32_bk128_nonkdim16/smci355-ccs-aus-n11-29/80561_37965_shader_engine_0_32.att
E20251226 05:04:21.356185 139430182516288 output_stream.cpp:111] Opened result file: att_bm128_bn32_bk128_nonkdim16/smci355-ccs-aus-n11-29/80561_37965_shader_engine_1_32.att
E20251226 05:04:21.356944 139430182516288 output_stream.cpp:111] Opened result file: att_bm128_bn32_bk128_nonkdim16/smci355-ccs-aus-n11-29/80561_37965_shader_engine_2_32.att
E20251226 05:04:21.358495 139430182516288 output_stream.cpp:111] Opened result file: att_bm128_bn32_bk128_nonkdim16/smci355-ccs-aus-n11-29/80561_37965_shader_engine_3_32.att
matmul-performance-BM128-BN32-BK128-mfma16:
        M       N       K  Triton (TFLOPS)
0  4096.0  4096.0  4096.0        307.63177
W20251226 05:04:21.567752 139718418750912 simple_timer.cpp:55] [rocprofv3] 'python test.matmul.padded.bash.py --BM 128 --BN 32 --BK 128 --nonKDim 16' ::     6.594987 sec
E20251226 05:04:21.650594 139718418750912 output_stream.cpp:111] Opened result file: att_bm128_bn32_bk128_nonkdim16/smci355-ccs-aus-n11-29/80561_results.json
W20251226 05:04:22.460418 139718418750912 simple_timer.cpp:55] [rocprofv3] tool finalization ::     0.810197 sec
Running: BM=128, BN=32, BK=128, nonKDim=32
W20251226 05:04:23.084719 140008628698560 simple_timer.cpp:55] [rocprofv3] tool initialization ::     0.141339 sec
W20251226 05:04:23.085078 140008628698560 simple_timer.cpp:55] [rocprofv3] 'python test.matmul.padded.bash.py --BM 128 --BN 32 --BK 128 --nonKDim 32' ::     0.000000 sec
W20251226 05:04:24.307601 140008628698560 tool.cpp:2158] HSA version 8.18.0 initialized (instance=0)
Running benchmark with BM=128, BN=32, BK=128, MFMA_nonKDim32
E20251226 05:04:24.653316 140008628698560 output_stream.cpp:111] Opened result file: att_bm128_bn32_bk128_nonkdim32/smci355-ccs-aus-n11-29/80631_gfx950_code_object_id_1.out
E20251226 05:04:24.839941 140008628698560 output_stream.cpp:111] Opened result file: att_bm128_bn32_bk128_nonkdim32/smci355-ccs-aus-n11-29/80631_gfx950_code_object_id_2.out
E20251226 05:04:25.070935 140008628698560 output_stream.cpp:111] Opened result file: att_bm128_bn32_bk128_nonkdim32/smci355-ccs-aus-n11-29/80631_gfx950_code_object_id_3.out
use_block_pingpong=True
options.num_stages=2
E20251226 05:04:28.787409 140008628698560 output_stream.cpp:111] Opened result file: att_bm128_bn32_bk128_nonkdim32/smci355-ccs-aus-n11-29/80631_gfx950_code_object_id_4.out
E20251226 05:04:28.860725 140008628698560 output_stream.cpp:111] Opened result file: att_bm128_bn32_bk128_nonkdim32/smci355-ccs-aus-n11-29/80631_gfx950_code_object_id_5.out
E20251226 05:04:28.951838 140008628698560 output_stream.cpp:111] Opened result file: att_bm128_bn32_bk128_nonkdim32/smci355-ccs-aus-n11-29/80631_gfx950_code_object_id_6.out
E20251226 05:04:28.976376 140008628698560 output_stream.cpp:111] Opened result file: att_bm128_bn32_bk128_nonkdim32/smci355-ccs-aus-n11-29/80631_gfx950_code_object_id_7.out
E20251226 05:04:29.102404 140008628698560 output_stream.cpp:111] Opened result file: att_bm128_bn32_bk128_nonkdim32/smci355-ccs-aus-n11-29/80631_gfx950_code_object_id_8.out
E20251226 05:04:29.124280 140008628698560 output_stream.cpp:111] Opened result file: att_bm128_bn32_bk128_nonkdim32/smci355-ccs-aus-n11-29/80631_gfx950_code_object_id_9.out
E20251226 05:04:29.238260 140008628698560 output_stream.cpp:111] Opened result file: att_bm128_bn32_bk128_nonkdim32/smci355-ccs-aus-n11-29/80631_gfx950_code_object_id_10.out
E20251226 05:04:29.253570 140008628698560 output_stream.cpp:111] Opened result file: att_bm128_bn32_bk128_nonkdim32/smci355-ccs-aus-n11-29/80631_gfx950_code_object_id_11.out
E20251226 05:04:29.266316 140008628698560 output_stream.cpp:111] Opened result file: att_bm128_bn32_bk128_nonkdim32/smci355-ccs-aus-n11-29/80631_gfx950_code_object_id_12.out
✅ Triton and Torch match
E20251226 05:04:29.517909 140008628698560 output_stream.cpp:111] Opened result file: att_bm128_bn32_bk128_nonkdim32/smci355-ccs-aus-n11-29/80631_gfx950_code_object_id_13.out
E20251226 05:04:29.528356 140008628698560 output_stream.cpp:111] Opened result file: att_bm128_bn32_bk128_nonkdim32/smci355-ccs-aus-n11-29/80631_gfx950_code_object_id_14.out
E20251226 05:04:29.533823 139720455616064 output_stream.cpp:111] Opened result file: att_bm128_bn32_bk128_nonkdim32/smci355-ccs-aus-n11-29/80631_19068_shader_engine_0_32.att
E20251226 05:04:29.535558 139720455616064 output_stream.cpp:111] Opened result file: att_bm128_bn32_bk128_nonkdim32/smci355-ccs-aus-n11-29/80631_19068_shader_engine_1_32.att
E20251226 05:04:29.536219 139720455616064 output_stream.cpp:111] Opened result file: att_bm128_bn32_bk128_nonkdim32/smci355-ccs-aus-n11-29/80631_19068_shader_engine_2_32.att
E20251226 05:04:29.537646 139720455616064 output_stream.cpp:111] Opened result file: att_bm128_bn32_bk128_nonkdim32/smci355-ccs-aus-n11-29/80631_19068_shader_engine_3_32.att
matmul-performance-BM128-BN32-BK128-mfma32:
        M       N       K  Triton (TFLOPS)
0  4096.0  4096.0  4096.0       276.734795
W20251226 05:04:29.755447 140008628698560 simple_timer.cpp:55] [rocprofv3] 'python test.matmul.padded.bash.py --BM 128 --BN 32 --BK 128 --nonKDim 32' ::     6.670368 sec
E20251226 05:04:29.842056 140008628698560 output_stream.cpp:111] Opened result file: att_bm128_bn32_bk128_nonkdim32/smci355-ccs-aus-n11-29/80631_results.json
W20251226 05:04:30.589733 140008628698560 simple_timer.cpp:55] [rocprofv3] tool finalization ::     0.748072 sec
Running: BM=128, BN=64, BK=32, nonKDim=16
W20251226 05:04:31.230466 140286544055744 simple_timer.cpp:55] [rocprofv3] tool initialization ::     0.140870 sec
W20251226 05:04:31.230841 140286544055744 simple_timer.cpp:55] [rocprofv3] 'python test.matmul.padded.bash.py --BM 128 --BN 64 --BK 32 --nonKDim 16' ::     0.000000 sec
W20251226 05:04:32.512471 140286544055744 tool.cpp:2158] HSA version 8.18.0 initialized (instance=0)
Running benchmark with BM=128, BN=64, BK=32, MFMA_nonKDim16
E20251226 05:04:32.851285 140286544055744 output_stream.cpp:111] Opened result file: att_bm128_bn64_bk32_nonkdim16/smci355-ccs-aus-n11-29/80701_gfx950_code_object_id_1.out
E20251226 05:04:33.031776 140286544055744 output_stream.cpp:111] Opened result file: att_bm128_bn64_bk32_nonkdim16/smci355-ccs-aus-n11-29/80701_gfx950_code_object_id_2.out
E20251226 05:04:33.121548 140286544055744 output_stream.cpp:111] Opened result file: att_bm128_bn64_bk32_nonkdim16/smci355-ccs-aus-n11-29/80701_gfx950_code_object_id_3.out
use_block_pingpong=True
options.num_stages=2
E20251226 05:04:36.310257 140286544055744 output_stream.cpp:111] Opened result file: att_bm128_bn64_bk32_nonkdim16/smci355-ccs-aus-n11-29/80701_gfx950_code_object_id_4.out
E20251226 05:04:36.383727 140286544055744 output_stream.cpp:111] Opened result file: att_bm128_bn64_bk32_nonkdim16/smci355-ccs-aus-n11-29/80701_gfx950_code_object_id_5.out
E20251226 05:04:36.477094 140286544055744 output_stream.cpp:111] Opened result file: att_bm128_bn64_bk32_nonkdim16/smci355-ccs-aus-n11-29/80701_gfx950_code_object_id_6.out
E20251226 05:04:36.502372 140286544055744 output_stream.cpp:111] Opened result file: att_bm128_bn64_bk32_nonkdim16/smci355-ccs-aus-n11-29/80701_gfx950_code_object_id_7.out
E20251226 05:04:36.555726 140286544055744 output_stream.cpp:111] Opened result file: att_bm128_bn64_bk32_nonkdim16/smci355-ccs-aus-n11-29/80701_gfx950_code_object_id_8.out
E20251226 05:04:36.566743 140286544055744 output_stream.cpp:111] Opened result file: att_bm128_bn64_bk32_nonkdim16/smci355-ccs-aus-n11-29/80701_gfx950_code_object_id_9.out
E20251226 05:04:36.609964 140286544055744 output_stream.cpp:111] Opened result file: att_bm128_bn64_bk32_nonkdim16/smci355-ccs-aus-n11-29/80701_gfx950_code_object_id_10.out
E20251226 05:04:36.624892 140286544055744 output_stream.cpp:111] Opened result file: att_bm128_bn64_bk32_nonkdim16/smci355-ccs-aus-n11-29/80701_gfx950_code_object_id_11.out
E20251226 05:04:36.636862 140286544055744 output_stream.cpp:111] Opened result file: att_bm128_bn64_bk32_nonkdim16/smci355-ccs-aus-n11-29/80701_gfx950_code_object_id_12.out
✅ Triton and Torch match
E20251226 05:04:36.888421 140286544055744 output_stream.cpp:111] Opened result file: att_bm128_bn64_bk32_nonkdim16/smci355-ccs-aus-n11-29/80701_gfx950_code_object_id_13.out
E20251226 05:04:36.898749 140286544055744 output_stream.cpp:111] Opened result file: att_bm128_bn64_bk32_nonkdim16/smci355-ccs-aus-n11-29/80701_gfx950_code_object_id_14.out
E20251226 05:04:36.903070 139998353421888 output_stream.cpp:111] Opened result file: att_bm128_bn64_bk32_nonkdim16/smci355-ccs-aus-n11-29/80701_55128_shader_engine_0_32.att
E20251226 05:04:36.904389 139998353421888 output_stream.cpp:111] Opened result file: att_bm128_bn64_bk32_nonkdim16/smci355-ccs-aus-n11-29/80701_55128_shader_engine_1_32.att
E20251226 05:04:36.904897 139998353421888 output_stream.cpp:111] Opened result file: att_bm128_bn64_bk32_nonkdim16/smci355-ccs-aus-n11-29/80701_55128_shader_engine_2_32.att
E20251226 05:04:36.905961 139998353421888 output_stream.cpp:111] Opened result file: att_bm128_bn64_bk32_nonkdim16/smci355-ccs-aus-n11-29/80701_55128_shader_engine_3_32.att
matmul-performance-BM128-BN64-BK32-mfma16:
        M       N       K  Triton (TFLOPS)
0  4096.0  4096.0  4096.0       624.376286
W20251226 05:04:37.110015 140286544055744 simple_timer.cpp:55] [rocprofv3] 'python test.matmul.padded.bash.py --BM 128 --BN 64 --BK 32 --nonKDim 16' ::     5.879174 sec
E20251226 05:04:37.196483 140286544055744 output_stream.cpp:111] Opened result file: att_bm128_bn64_bk32_nonkdim16/smci355-ccs-aus-n11-29/80701_results.json
W20251226 05:04:37.818008 140286544055744 simple_timer.cpp:55] [rocprofv3] tool finalization ::     0.621906 sec
Running: BM=128, BN=64, BK=32, nonKDim=32
W20251226 05:04:38.452711 139750302977472 simple_timer.cpp:55] [rocprofv3] tool initialization ::     0.139330 sec
W20251226 05:04:38.453084 139750302977472 simple_timer.cpp:55] [rocprofv3] 'python test.matmul.padded.bash.py --BM 128 --BN 64 --BK 32 --nonKDim 32' ::     0.000000 sec
W20251226 05:04:39.735004 139750302977472 tool.cpp:2158] HSA version 8.18.0 initialized (instance=0)
Running benchmark with BM=128, BN=64, BK=32, MFMA_nonKDim32
E20251226 05:04:40.072226 139750302977472 output_stream.cpp:111] Opened result file: att_bm128_bn64_bk32_nonkdim32/smci355-ccs-aus-n11-29/80771_gfx950_code_object_id_1.out
E20251226 05:04:40.207800 139750302977472 output_stream.cpp:111] Opened result file: att_bm128_bn64_bk32_nonkdim32/smci355-ccs-aus-n11-29/80771_gfx950_code_object_id_2.out
E20251226 05:04:40.298324 139750302977472 output_stream.cpp:111] Opened result file: att_bm128_bn64_bk32_nonkdim32/smci355-ccs-aus-n11-29/80771_gfx950_code_object_id_3.out
use_block_pingpong=True
options.num_stages=2
E20251226 05:04:43.742300 139750302977472 output_stream.cpp:111] Opened result file: att_bm128_bn64_bk32_nonkdim32/smci355-ccs-aus-n11-29/80771_gfx950_code_object_id_4.out
E20251226 05:04:43.815644 139750302977472 output_stream.cpp:111] Opened result file: att_bm128_bn64_bk32_nonkdim32/smci355-ccs-aus-n11-29/80771_gfx950_code_object_id_5.out
E20251226 05:04:43.908427 139750302977472 output_stream.cpp:111] Opened result file: att_bm128_bn64_bk32_nonkdim32/smci355-ccs-aus-n11-29/80771_gfx950_code_object_id_6.out
E20251226 05:04:43.933742 139750302977472 output_stream.cpp:111] Opened result file: att_bm128_bn64_bk32_nonkdim32/smci355-ccs-aus-n11-29/80771_gfx950_code_object_id_7.out
E20251226 05:04:43.988439 139750302977472 output_stream.cpp:111] Opened result file: att_bm128_bn64_bk32_nonkdim32/smci355-ccs-aus-n11-29/80771_gfx950_code_object_id_8.out
E20251226 05:04:43.999880 139750302977472 output_stream.cpp:111] Opened result file: att_bm128_bn64_bk32_nonkdim32/smci355-ccs-aus-n11-29/80771_gfx950_code_object_id_9.out
E20251226 05:04:44.044705 139750302977472 output_stream.cpp:111] Opened result file: att_bm128_bn64_bk32_nonkdim32/smci355-ccs-aus-n11-29/80771_gfx950_code_object_id_10.out
E20251226 05:04:44.059995 139750302977472 output_stream.cpp:111] Opened result file: att_bm128_bn64_bk32_nonkdim32/smci355-ccs-aus-n11-29/80771_gfx950_code_object_id_11.out
E20251226 05:04:44.072375 139750302977472 output_stream.cpp:111] Opened result file: att_bm128_bn64_bk32_nonkdim32/smci355-ccs-aus-n11-29/80771_gfx950_code_object_id_12.out
✅ Triton and Torch match
E20251226 05:04:44.322075 139750302977472 output_stream.cpp:111] Opened result file: att_bm128_bn64_bk32_nonkdim32/smci355-ccs-aus-n11-29/80771_gfx950_code_object_id_13.out
E20251226 05:04:44.332337 139750302977472 output_stream.cpp:111] Opened result file: att_bm128_bn64_bk32_nonkdim32/smci355-ccs-aus-n11-29/80771_gfx950_code_object_id_14.out
E20251226 05:04:44.336627 139462086489664 output_stream.cpp:111] Opened result file: att_bm128_bn64_bk32_nonkdim32/smci355-ccs-aus-n11-29/80771_41010_shader_engine_0_32.att
E20251226 05:04:44.338162 139462086489664 output_stream.cpp:111] Opened result file: att_bm128_bn64_bk32_nonkdim32/smci355-ccs-aus-n11-29/80771_41010_shader_engine_1_32.att
E20251226 05:04:44.338643 139462086489664 output_stream.cpp:111] Opened result file: att_bm128_bn64_bk32_nonkdim32/smci355-ccs-aus-n11-29/80771_41010_shader_engine_2_32.att
E20251226 05:04:44.339599 139462086489664 output_stream.cpp:111] Opened result file: att_bm128_bn64_bk32_nonkdim32/smci355-ccs-aus-n11-29/80771_41010_shader_engine_3_32.att
matmul-performance-BM128-BN64-BK32-mfma32:
        M       N       K  Triton (TFLOPS)
0  4096.0  4096.0  4096.0       588.548208
W20251226 05:04:44.546274 139750302977472 simple_timer.cpp:55] [rocprofv3] 'python test.matmul.padded.bash.py --BM 128 --BN 64 --BK 32 --nonKDim 32' ::     6.093191 sec
E20251226 05:04:44.630964 139750302977472 output_stream.cpp:111] Opened result file: att_bm128_bn64_bk32_nonkdim32/smci355-ccs-aus-n11-29/80771_results.json
W20251226 05:04:45.225200 139750302977472 simple_timer.cpp:55] [rocprofv3] tool finalization ::     0.594617 sec
Running: BM=128, BN=64, BK=64, nonKDim=16
W20251226 05:04:45.856226 139936742403520 simple_timer.cpp:55] [rocprofv3] tool initialization ::     0.139872 sec
W20251226 05:04:45.856571 139936742403520 simple_timer.cpp:55] [rocprofv3] 'python test.matmul.padded.bash.py --BM 128 --BN 64 --BK 64 --nonKDim 16' ::     0.000000 sec
W20251226 05:04:47.105714 139936742403520 tool.cpp:2158] HSA version 8.18.0 initialized (instance=0)
Running benchmark with BM=128, BN=64, BK=64, MFMA_nonKDim16
E20251226 05:04:47.447187 139936742403520 output_stream.cpp:111] Opened result file: att_bm128_bn64_bk64_nonkdim16/smci355-ccs-aus-n11-29/80841_gfx950_code_object_id_1.out
E20251226 05:04:47.637340 139936742403520 output_stream.cpp:111] Opened result file: att_bm128_bn64_bk64_nonkdim16/smci355-ccs-aus-n11-29/80841_gfx950_code_object_id_2.out
E20251226 05:04:47.837071 139936742403520 output_stream.cpp:111] Opened result file: att_bm128_bn64_bk64_nonkdim16/smci355-ccs-aus-n11-29/80841_gfx950_code_object_id_3.out
use_block_pingpong=True
options.num_stages=2
E20251226 05:04:51.337446 139936742403520 output_stream.cpp:111] Opened result file: att_bm128_bn64_bk64_nonkdim16/smci355-ccs-aus-n11-29/80841_gfx950_code_object_id_4.out
E20251226 05:04:51.411781 139936742403520 output_stream.cpp:111] Opened result file: att_bm128_bn64_bk64_nonkdim16/smci355-ccs-aus-n11-29/80841_gfx950_code_object_id_5.out
E20251226 05:04:51.508328 139936742403520 output_stream.cpp:111] Opened result file: att_bm128_bn64_bk64_nonkdim16/smci355-ccs-aus-n11-29/80841_gfx950_code_object_id_6.out
E20251226 05:04:51.533511 139936742403520 output_stream.cpp:111] Opened result file: att_bm128_bn64_bk64_nonkdim16/smci355-ccs-aus-n11-29/80841_gfx950_code_object_id_7.out
E20251226 05:04:51.644168 139936742403520 output_stream.cpp:111] Opened result file: att_bm128_bn64_bk64_nonkdim16/smci355-ccs-aus-n11-29/80841_gfx950_code_object_id_8.out
E20251226 05:04:51.656090 139936742403520 output_stream.cpp:111] Opened result file: att_bm128_bn64_bk64_nonkdim16/smci355-ccs-aus-n11-29/80841_gfx950_code_object_id_9.out
E20251226 05:04:51.756887 139936742403520 output_stream.cpp:111] Opened result file: att_bm128_bn64_bk64_nonkdim16/smci355-ccs-aus-n11-29/80841_gfx950_code_object_id_10.out
E20251226 05:04:51.772331 139936742403520 output_stream.cpp:111] Opened result file: att_bm128_bn64_bk64_nonkdim16/smci355-ccs-aus-n11-29/80841_gfx950_code_object_id_11.out
E20251226 05:04:51.784653 139936742403520 output_stream.cpp:111] Opened result file: att_bm128_bn64_bk64_nonkdim16/smci355-ccs-aus-n11-29/80841_gfx950_code_object_id_12.out
✅ Triton and Torch match
E20251226 05:04:52.039028 139936742403520 output_stream.cpp:111] Opened result file: att_bm128_bn64_bk64_nonkdim16/smci355-ccs-aus-n11-29/80841_gfx950_code_object_id_13.out
E20251226 05:04:52.049340 139936742403520 output_stream.cpp:111] Opened result file: att_bm128_bn64_bk64_nonkdim16/smci355-ccs-aus-n11-29/80841_gfx950_code_object_id_14.out
E20251226 05:04:52.053481 139648514913856 output_stream.cpp:111] Opened result file: att_bm128_bn64_bk64_nonkdim16/smci355-ccs-aus-n11-29/80841_41000_shader_engine_0_32.att
E20251226 05:04:52.054792 139648514913856 output_stream.cpp:111] Opened result file: att_bm128_bn64_bk64_nonkdim16/smci355-ccs-aus-n11-29/80841_41000_shader_engine_1_32.att
E20251226 05:04:52.055250 139648514913856 output_stream.cpp:111] Opened result file: att_bm128_bn64_bk64_nonkdim16/smci355-ccs-aus-n11-29/80841_41000_shader_engine_2_32.att
E20251226 05:04:52.056203 139648514913856 output_stream.cpp:111] Opened result file: att_bm128_bn64_bk64_nonkdim16/smci355-ccs-aus-n11-29/80841_41000_shader_engine_3_32.att
matmul-performance-BM128-BN64-BK64-mfma16:
        M       N       K  Triton (TFLOPS)
0  4096.0  4096.0  4096.0       746.457941
W20251226 05:04:52.266726 139936742403520 simple_timer.cpp:55] [rocprofv3] 'python test.matmul.padded.bash.py --BM 128 --BN 64 --BK 64 --nonKDim 16' ::     6.410155 sec
E20251226 05:04:52.347227 139936742403520 output_stream.cpp:111] Opened result file: att_bm128_bn64_bk64_nonkdim16/smci355-ccs-aus-n11-29/80841_results.json
W20251226 05:04:52.926827 139936742403520 simple_timer.cpp:55] [rocprofv3] tool finalization ::     0.579996 sec
Running: BM=128, BN=64, BK=64, nonKDim=32
W20251226 05:04:53.574843 140136004869568 simple_timer.cpp:55] [rocprofv3] tool initialization ::     0.139940 sec
W20251226 05:04:53.575178 140136004869568 simple_timer.cpp:55] [rocprofv3] 'python test.matmul.padded.bash.py --BM 128 --BN 64 --BK 64 --nonKDim 32' ::     0.000000 sec
W20251226 05:04:54.833011 140136004869568 tool.cpp:2158] HSA version 8.18.0 initialized (instance=0)
Running benchmark with BM=128, BN=64, BK=64, MFMA_nonKDim32
E20251226 05:04:55.176583 140136004869568 output_stream.cpp:111] Opened result file: att_bm128_bn64_bk64_nonkdim32/smci355-ccs-aus-n11-29/80911_gfx950_code_object_id_1.out
E20251226 05:04:55.299987 140136004869568 output_stream.cpp:111] Opened result file: att_bm128_bn64_bk64_nonkdim32/smci355-ccs-aus-n11-29/80911_gfx950_code_object_id_2.out
E20251226 05:04:55.389457 140136004869568 output_stream.cpp:111] Opened result file: att_bm128_bn64_bk64_nonkdim32/smci355-ccs-aus-n11-29/80911_gfx950_code_object_id_3.out
use_block_pingpong=True
options.num_stages=2
E20251226 05:04:59.213809 140136004869568 output_stream.cpp:111] Opened result file: att_bm128_bn64_bk64_nonkdim32/smci355-ccs-aus-n11-29/80911_gfx950_code_object_id_4.out
E20251226 05:04:59.287168 140136004869568 output_stream.cpp:111] Opened result file: att_bm128_bn64_bk64_nonkdim32/smci355-ccs-aus-n11-29/80911_gfx950_code_object_id_5.out
E20251226 05:04:59.380263 140136004869568 output_stream.cpp:111] Opened result file: att_bm128_bn64_bk64_nonkdim32/smci355-ccs-aus-n11-29/80911_gfx950_code_object_id_6.out
E20251226 05:04:59.405044 140136004869568 output_stream.cpp:111] Opened result file: att_bm128_bn64_bk64_nonkdim32/smci355-ccs-aus-n11-29/80911_gfx950_code_object_id_7.out
E20251226 05:04:59.459055 140136004869568 output_stream.cpp:111] Opened result file: att_bm128_bn64_bk64_nonkdim32/smci355-ccs-aus-n11-29/80911_gfx950_code_object_id_8.out
E20251226 05:04:59.469898 140136004869568 output_stream.cpp:111] Opened result file: att_bm128_bn64_bk64_nonkdim32/smci355-ccs-aus-n11-29/80911_gfx950_code_object_id_9.out
E20251226 05:04:59.513685 140136004869568 output_stream.cpp:111] Opened result file: att_bm128_bn64_bk64_nonkdim32/smci355-ccs-aus-n11-29/80911_gfx950_code_object_id_10.out
E20251226 05:04:59.528766 140136004869568 output_stream.cpp:111] Opened result file: att_bm128_bn64_bk64_nonkdim32/smci355-ccs-aus-n11-29/80911_gfx950_code_object_id_11.out
E20251226 05:04:59.541108 140136004869568 output_stream.cpp:111] Opened result file: att_bm128_bn64_bk64_nonkdim32/smci355-ccs-aus-n11-29/80911_gfx950_code_object_id_12.out
✅ Triton and Torch match
E20251226 05:04:59.794895 140136004869568 output_stream.cpp:111] Opened result file: att_bm128_bn64_bk64_nonkdim32/smci355-ccs-aus-n11-29/80911_gfx950_code_object_id_13.out
E20251226 05:04:59.805077 140136004869568 output_stream.cpp:111] Opened result file: att_bm128_bn64_bk64_nonkdim32/smci355-ccs-aus-n11-29/80911_gfx950_code_object_id_14.out
E20251226 05:04:59.809140 139847828239936 output_stream.cpp:111] Opened result file: att_bm128_bn64_bk64_nonkdim32/smci355-ccs-aus-n11-29/80911_31887_shader_engine_0_32.att
E20251226 05:04:59.810249 139847828239936 output_stream.cpp:111] Opened result file: att_bm128_bn64_bk64_nonkdim32/smci355-ccs-aus-n11-29/80911_31887_shader_engine_1_32.att
E20251226 05:04:59.810719 139847828239936 output_stream.cpp:111] Opened result file: att_bm128_bn64_bk64_nonkdim32/smci355-ccs-aus-n11-29/80911_31887_shader_engine_2_32.att
E20251226 05:04:59.811701 139847828239936 output_stream.cpp:111] Opened result file: att_bm128_bn64_bk64_nonkdim32/smci355-ccs-aus-n11-29/80911_31887_shader_engine_3_32.att
matmul-performance-BM128-BN64-BK64-mfma32:
        M       N       K  Triton (TFLOPS)
0  4096.0  4096.0  4096.0       726.490653
W20251226 05:05:00.012846 140136004869568 simple_timer.cpp:55] [rocprofv3] 'python test.matmul.padded.bash.py --BM 128 --BN 64 --BK 64 --nonKDim 32' ::     6.437669 sec
E20251226 05:05:00.095323 140136004869568 output_stream.cpp:111] Opened result file: att_bm128_bn64_bk64_nonkdim32/smci355-ccs-aus-n11-29/80911_results.json
W20251226 05:05:00.628667 140136004869568 simple_timer.cpp:55] [rocprofv3] tool finalization ::     0.533714 sec
Running: BM=128, BN=64, BK=128, nonKDim=16
W20251226 05:05:01.262580 140598227172800 simple_timer.cpp:55] [rocprofv3] tool initialization ::     0.142841 sec
W20251226 05:05:01.262927 140598227172800 simple_timer.cpp:55] [rocprofv3] 'python test.matmul.padded.bash.py --BM 128 --BN 64 --BK 128 --nonKDim 16' ::     0.000000 sec
W20251226 05:05:02.503870 140598227172800 tool.cpp:2158] HSA version 8.18.0 initialized (instance=0)
Running benchmark with BM=128, BN=64, BK=128, MFMA_nonKDim16
E20251226 05:05:02.837130 140598227172800 output_stream.cpp:111] Opened result file: att_bm128_bn64_bk128_nonkdim16/smci355-ccs-aus-n11-29/80981_gfx950_code_object_id_1.out
E20251226 05:05:03.005952 140598227172800 output_stream.cpp:111] Opened result file: att_bm128_bn64_bk128_nonkdim16/smci355-ccs-aus-n11-29/80981_gfx950_code_object_id_2.out
E20251226 05:05:03.193528 140598227172800 output_stream.cpp:111] Opened result file: att_bm128_bn64_bk128_nonkdim16/smci355-ccs-aus-n11-29/80981_gfx950_code_object_id_3.out
use_block_pingpong=True
options.num_stages=2
E20251226 05:05:07.509215 140598227172800 output_stream.cpp:111] Opened result file: att_bm128_bn64_bk128_nonkdim16/smci355-ccs-aus-n11-29/80981_gfx950_code_object_id_4.out
E20251226 05:05:07.582853 140598227172800 output_stream.cpp:111] Opened result file: att_bm128_bn64_bk128_nonkdim16/smci355-ccs-aus-n11-29/80981_gfx950_code_object_id_5.out
E20251226 05:05:07.675806 140598227172800 output_stream.cpp:111] Opened result file: att_bm128_bn64_bk128_nonkdim16/smci355-ccs-aus-n11-29/80981_gfx950_code_object_id_6.out
E20251226 05:05:07.700612 140598227172800 output_stream.cpp:111] Opened result file: att_bm128_bn64_bk128_nonkdim16/smci355-ccs-aus-n11-29/80981_gfx950_code_object_id_7.out
E20251226 05:05:07.807448 140598227172800 output_stream.cpp:111] Opened result file: att_bm128_bn64_bk128_nonkdim16/smci355-ccs-aus-n11-29/80981_gfx950_code_object_id_8.out
E20251226 05:05:07.817304 140598227172800 output_stream.cpp:111] Opened result file: att_bm128_bn64_bk128_nonkdim16/smci355-ccs-aus-n11-29/80981_gfx950_code_object_id_9.out
E20251226 05:05:07.912364 140598227172800 output_stream.cpp:111] Opened result file: att_bm128_bn64_bk128_nonkdim16/smci355-ccs-aus-n11-29/80981_gfx950_code_object_id_10.out
E20251226 05:05:07.927875 140598227172800 output_stream.cpp:111] Opened result file: att_bm128_bn64_bk128_nonkdim16/smci355-ccs-aus-n11-29/80981_gfx950_code_object_id_11.out
E20251226 05:05:07.940030 140598227172800 output_stream.cpp:111] Opened result file: att_bm128_bn64_bk128_nonkdim16/smci355-ccs-aus-n11-29/80981_gfx950_code_object_id_12.out
✅ Triton and Torch match
E20251226 05:05:08.190995 140598227172800 output_stream.cpp:111] Opened result file: att_bm128_bn64_bk128_nonkdim16/smci355-ccs-aus-n11-29/80981_gfx950_code_object_id_13.out
E20251226 05:05:08.224909 140598227172800 output_stream.cpp:111] Opened result file: att_bm128_bn64_bk128_nonkdim16/smci355-ccs-aus-n11-29/80981_gfx950_code_object_id_14.out
E20251226 05:05:08.229547 140309990209088 output_stream.cpp:111] Opened result file: att_bm128_bn64_bk128_nonkdim16/smci355-ccs-aus-n11-29/80981_42742_shader_engine_0_32.att
E20251226 05:05:08.231255 140309990209088 output_stream.cpp:111] Opened result file: att_bm128_bn64_bk128_nonkdim16/smci355-ccs-aus-n11-29/80981_42742_shader_engine_1_32.att
E20251226 05:05:08.231810 140309990209088 output_stream.cpp:111] Opened result file: att_bm128_bn64_bk128_nonkdim16/smci355-ccs-aus-n11-29/80981_42742_shader_engine_2_32.att
E20251226 05:05:08.232872 140309990209088 output_stream.cpp:111] Opened result file: att_bm128_bn64_bk128_nonkdim16/smci355-ccs-aus-n11-29/80981_42742_shader_engine_3_32.att
matmul-performance-BM128-BN64-BK128-mfma16:
        M       N       K  Triton (TFLOPS)
0  4096.0  4096.0  4096.0       456.603254
W20251226 05:05:08.429034 140598227172800 simple_timer.cpp:55] [rocprofv3] 'python test.matmul.padded.bash.py --BM 128 --BN 64 --BK 128 --nonKDim 16' ::     7.166107 sec
E20251226 05:05:08.511522 140598227172800 output_stream.cpp:111] Opened result file: att_bm128_bn64_bk128_nonkdim16/smci355-ccs-aus-n11-29/80981_results.json
W20251226 05:05:09.052690 140598227172800 simple_timer.cpp:55] [rocprofv3] tool finalization ::     0.541547 sec
Running: BM=128, BN=64, BK=128, nonKDim=32
W20251226 05:05:09.679914 140632438296000 simple_timer.cpp:55] [rocprofv3] tool initialization ::     0.141382 sec
W20251226 05:05:09.680253 140632438296000 simple_timer.cpp:55] [rocprofv3] 'python test.matmul.padded.bash.py --BM 128 --BN 64 --BK 128 --nonKDim 32' ::     0.000000 sec
W20251226 05:05:10.920582 140632438296000 tool.cpp:2158] HSA version 8.18.0 initialized (instance=0)
Running benchmark with BM=128, BN=64, BK=128, MFMA_nonKDim32
E20251226 05:05:11.237086 140632438296000 output_stream.cpp:111] Opened result file: att_bm128_bn64_bk128_nonkdim32/smci355-ccs-aus-n11-29/81051_gfx950_code_object_id_1.out
E20251226 05:05:11.424035 140632438296000 output_stream.cpp:111] Opened result file: att_bm128_bn64_bk128_nonkdim32/smci355-ccs-aus-n11-29/81051_gfx950_code_object_id_2.out
E20251226 05:05:11.655638 140632438296000 output_stream.cpp:111] Opened result file: att_bm128_bn64_bk128_nonkdim32/smci355-ccs-aus-n11-29/81051_gfx950_code_object_id_3.out
use_block_pingpong=True
options.num_stages=2
E20251226 05:05:16.215663 140632438296000 output_stream.cpp:111] Opened result file: att_bm128_bn64_bk128_nonkdim32/smci355-ccs-aus-n11-29/81051_gfx950_code_object_id_4.out
E20251226 05:05:16.289576 140632438296000 output_stream.cpp:111] Opened result file: att_bm128_bn64_bk128_nonkdim32/smci355-ccs-aus-n11-29/81051_gfx950_code_object_id_5.out
E20251226 05:05:16.382370 140632438296000 output_stream.cpp:111] Opened result file: att_bm128_bn64_bk128_nonkdim32/smci355-ccs-aus-n11-29/81051_gfx950_code_object_id_6.out
E20251226 05:05:16.407669 140632438296000 output_stream.cpp:111] Opened result file: att_bm128_bn64_bk128_nonkdim32/smci355-ccs-aus-n11-29/81051_gfx950_code_object_id_7.out
E20251226 05:05:16.537751 140632438296000 output_stream.cpp:111] Opened result file: att_bm128_bn64_bk128_nonkdim32/smci355-ccs-aus-n11-29/81051_gfx950_code_object_id_8.out
E20251226 05:05:16.549290 140632438296000 output_stream.cpp:111] Opened result file: att_bm128_bn64_bk128_nonkdim32/smci355-ccs-aus-n11-29/81051_gfx950_code_object_id_9.out
E20251226 05:05:16.668432 140632438296000 output_stream.cpp:111] Opened result file: att_bm128_bn64_bk128_nonkdim32/smci355-ccs-aus-n11-29/81051_gfx950_code_object_id_10.out
E20251226 05:05:16.683796 140632438296000 output_stream.cpp:111] Opened result file: att_bm128_bn64_bk128_nonkdim32/smci355-ccs-aus-n11-29/81051_gfx950_code_object_id_11.out
E20251226 05:05:16.696373 140632438296000 output_stream.cpp:111] Opened result file: att_bm128_bn64_bk128_nonkdim32/smci355-ccs-aus-n11-29/81051_gfx950_code_object_id_12.out
✅ Triton and Torch match
E20251226 05:05:16.950888 140632438296000 output_stream.cpp:111] Opened result file: att_bm128_bn64_bk128_nonkdim32/smci355-ccs-aus-n11-29/81051_gfx950_code_object_id_13.out
E20251226 05:05:16.987083 140632438296000 output_stream.cpp:111] Opened result file: att_bm128_bn64_bk128_nonkdim32/smci355-ccs-aus-n11-29/81051_gfx950_code_object_id_14.out
E20251226 05:05:16.991797 140344232506944 output_stream.cpp:111] Opened result file: att_bm128_bn64_bk128_nonkdim32/smci355-ccs-aus-n11-29/81051_54262_shader_engine_0_32.att
E20251226 05:05:16.993087 140344232506944 output_stream.cpp:111] Opened result file: att_bm128_bn64_bk128_nonkdim32/smci355-ccs-aus-n11-29/81051_54262_shader_engine_1_32.att
E20251226 05:05:16.993613 140344232506944 output_stream.cpp:111] Opened result file: att_bm128_bn64_bk128_nonkdim32/smci355-ccs-aus-n11-29/81051_54262_shader_engine_2_32.att
E20251226 05:05:16.994640 140344232506944 output_stream.cpp:111] Opened result file: att_bm128_bn64_bk128_nonkdim32/smci355-ccs-aus-n11-29/81051_54262_shader_engine_3_32.att
matmul-performance-BM128-BN64-BK128-mfma32:
        M       N       K  Triton (TFLOPS)
0  4096.0  4096.0  4096.0       440.731233
W20251226 05:05:17.191074 140632438296000 simple_timer.cpp:55] [rocprofv3] 'python test.matmul.padded.bash.py --BM 128 --BN 64 --BK 128 --nonKDim 32' ::     7.510822 sec
E20251226 05:05:17.274959 140632438296000 output_stream.cpp:111] Opened result file: att_bm128_bn64_bk128_nonkdim32/smci355-ccs-aus-n11-29/81051_results.json
W20251226 05:05:17.783241 140632438296000 simple_timer.cpp:55] [rocprofv3] tool finalization ::     0.508679 sec
Running: BM=128, BN=128, BK=32, nonKDim=16
W20251226 05:05:18.422623 139679831727552 simple_timer.cpp:55] [rocprofv3] tool initialization ::     0.139558 sec
W20251226 05:05:18.422963 139679831727552 simple_timer.cpp:55] [rocprofv3] 'python test.matmul.padded.bash.py --BM 128 --BN 128 --BK 32 --nonKDim 16' ::     0.000000 sec
W20251226 05:05:19.649821 139679831727552 tool.cpp:2158] HSA version 8.18.0 initialized (instance=0)
Running benchmark with BM=128, BN=128, BK=32, MFMA_nonKDim16
E20251226 05:05:19.984078 139679831727552 output_stream.cpp:111] Opened result file: att_bm128_bn128_bk32_nonkdim16/smci355-ccs-aus-n11-29/81121_gfx950_code_object_id_1.out
E20251226 05:05:20.118979 139679831727552 output_stream.cpp:111] Opened result file: att_bm128_bn128_bk32_nonkdim16/smci355-ccs-aus-n11-29/81121_gfx950_code_object_id_2.out
E20251226 05:05:20.212922 139679831727552 output_stream.cpp:111] Opened result file: att_bm128_bn128_bk32_nonkdim16/smci355-ccs-aus-n11-29/81121_gfx950_code_object_id_3.out
use_block_pingpong=True
options.num_stages=2
E20251226 05:05:23.892159 139679831727552 output_stream.cpp:111] Opened result file: att_bm128_bn128_bk32_nonkdim16/smci355-ccs-aus-n11-29/81121_gfx950_code_object_id_4.out
E20251226 05:05:23.964843 139679831727552 output_stream.cpp:111] Opened result file: att_bm128_bn128_bk32_nonkdim16/smci355-ccs-aus-n11-29/81121_gfx950_code_object_id_5.out
E20251226 05:05:24.058158 139679831727552 output_stream.cpp:111] Opened result file: att_bm128_bn128_bk32_nonkdim16/smci355-ccs-aus-n11-29/81121_gfx950_code_object_id_6.out
E20251226 05:05:24.083204 139679831727552 output_stream.cpp:111] Opened result file: att_bm128_bn128_bk32_nonkdim16/smci355-ccs-aus-n11-29/81121_gfx950_code_object_id_7.out
E20251226 05:05:24.137051 139679831727552 output_stream.cpp:111] Opened result file: att_bm128_bn128_bk32_nonkdim16/smci355-ccs-aus-n11-29/81121_gfx950_code_object_id_8.out
E20251226 05:05:24.149824 139679831727552 output_stream.cpp:111] Opened result file: att_bm128_bn128_bk32_nonkdim16/smci355-ccs-aus-n11-29/81121_gfx950_code_object_id_9.out
E20251226 05:05:24.193560 139679831727552 output_stream.cpp:111] Opened result file: att_bm128_bn128_bk32_nonkdim16/smci355-ccs-aus-n11-29/81121_gfx950_code_object_id_10.out
E20251226 05:05:24.208708 139679831727552 output_stream.cpp:111] Opened result file: att_bm128_bn128_bk32_nonkdim16/smci355-ccs-aus-n11-29/81121_gfx950_code_object_id_11.out
E20251226 05:05:24.221191 139679831727552 output_stream.cpp:111] Opened result file: att_bm128_bn128_bk32_nonkdim16/smci355-ccs-aus-n11-29/81121_gfx950_code_object_id_12.out
✅ Triton and Torch match
E20251226 05:05:24.471616 139679831727552 output_stream.cpp:111] Opened result file: att_bm128_bn128_bk32_nonkdim16/smci355-ccs-aus-n11-29/81121_gfx950_code_object_id_13.out
E20251226 05:05:24.505425 139679831727552 output_stream.cpp:111] Opened result file: att_bm128_bn128_bk32_nonkdim16/smci355-ccs-aus-n11-29/81121_gfx950_code_object_id_14.out
E20251226 05:05:24.509458 139391622182464 output_stream.cpp:111] Opened result file: att_bm128_bn128_bk32_nonkdim16/smci355-ccs-aus-n11-29/81121_33497_shader_engine_0_32.att
E20251226 05:05:24.510619 139391622182464 output_stream.cpp:111] Opened result file: att_bm128_bn128_bk32_nonkdim16/smci355-ccs-aus-n11-29/81121_33497_shader_engine_1_32.att
E20251226 05:05:24.511012 139391622182464 output_stream.cpp:111] Opened result file: att_bm128_bn128_bk32_nonkdim16/smci355-ccs-aus-n11-29/81121_33497_shader_engine_2_32.att
E20251226 05:05:24.511742 139391622182464 output_stream.cpp:111] Opened result file: att_bm128_bn128_bk32_nonkdim16/smci355-ccs-aus-n11-29/81121_33497_shader_engine_3_32.att
matmul-performance-BM128-BN128-BK32-mfma16:
        M       N       K  Triton (TFLOPS)
0  4096.0  4096.0  4096.0       744.678357
W20251226 05:05:24.711429 139679831727552 simple_timer.cpp:55] [rocprofv3] 'python test.matmul.padded.bash.py --BM 128 --BN 128 --BK 32 --nonKDim 16' ::     6.288466 sec
E20251226 05:05:24.791322 139679831727552 output_stream.cpp:111] Opened result file: att_bm128_bn128_bk32_nonkdim16/smci355-ccs-aus-n11-29/81121_results.json
W20251226 05:05:25.246891 139679831727552 simple_timer.cpp:55] [rocprofv3] tool finalization ::     0.455948 sec
Running: BM=128, BN=128, BK=32, nonKDim=32
W20251226 05:05:25.873596 140025916546496 simple_timer.cpp:55] [rocprofv3] tool initialization ::     0.140196 sec
W20251226 05:05:25.873933 140025916546496 simple_timer.cpp:55] [rocprofv3] 'python test.matmul.padded.bash.py --BM 128 --BN 128 --BK 32 --nonKDim 32' ::     0.000000 sec
W20251226 05:05:27.118656 140025916546496 tool.cpp:2158] HSA version 8.18.0 initialized (instance=0)
Running benchmark with BM=128, BN=128, BK=32, MFMA_nonKDim32
E20251226 05:05:27.459502 140025916546496 output_stream.cpp:111] Opened result file: att_bm128_bn128_bk32_nonkdim32/smci355-ccs-aus-n11-29/81191_gfx950_code_object_id_1.out
E20251226 05:05:27.619820 140025916546496 output_stream.cpp:111] Opened result file: att_bm128_bn128_bk32_nonkdim32/smci355-ccs-aus-n11-29/81191_gfx950_code_object_id_2.out
E20251226 05:05:27.808586 140025916546496 output_stream.cpp:111] Opened result file: att_bm128_bn128_bk32_nonkdim32/smci355-ccs-aus-n11-29/81191_gfx950_code_object_id_3.out
use_block_pingpong=True
options.num_stages=2
E20251226 05:05:32.015201 140025916546496 output_stream.cpp:111] Opened result file: att_bm128_bn128_bk32_nonkdim32/smci355-ccs-aus-n11-29/81191_gfx950_code_object_id_4.out
E20251226 05:05:32.088790 140025916546496 output_stream.cpp:111] Opened result file: att_bm128_bn128_bk32_nonkdim32/smci355-ccs-aus-n11-29/81191_gfx950_code_object_id_5.out
E20251226 05:05:32.179353 140025916546496 output_stream.cpp:111] Opened result file: att_bm128_bn128_bk32_nonkdim32/smci355-ccs-aus-n11-29/81191_gfx950_code_object_id_6.out
E20251226 05:05:32.204461 140025916546496 output_stream.cpp:111] Opened result file: att_bm128_bn128_bk32_nonkdim32/smci355-ccs-aus-n11-29/81191_gfx950_code_object_id_7.out
E20251226 05:05:32.309181 140025916546496 output_stream.cpp:111] Opened result file: att_bm128_bn128_bk32_nonkdim32/smci355-ccs-aus-n11-29/81191_gfx950_code_object_id_8.out
E20251226 05:05:32.324314 140025916546496 output_stream.cpp:111] Opened result file: att_bm128_bn128_bk32_nonkdim32/smci355-ccs-aus-n11-29/81191_gfx950_code_object_id_9.out
E20251226 05:05:32.418423 140025916546496 output_stream.cpp:111] Opened result file: att_bm128_bn128_bk32_nonkdim32/smci355-ccs-aus-n11-29/81191_gfx950_code_object_id_10.out
E20251226 05:05:32.434198 140025916546496 output_stream.cpp:111] Opened result file: att_bm128_bn128_bk32_nonkdim32/smci355-ccs-aus-n11-29/81191_gfx950_code_object_id_11.out
E20251226 05:05:32.449608 140025916546496 output_stream.cpp:111] Opened result file: att_bm128_bn128_bk32_nonkdim32/smci355-ccs-aus-n11-29/81191_gfx950_code_object_id_12.out
✅ Triton and Torch match
E20251226 05:05:32.700442 140025916546496 output_stream.cpp:111] Opened result file: att_bm128_bn128_bk32_nonkdim32/smci355-ccs-aus-n11-29/81191_gfx950_code_object_id_13.out
E20251226 05:05:32.734430 140025916546496 output_stream.cpp:111] Opened result file: att_bm128_bn128_bk32_nonkdim32/smci355-ccs-aus-n11-29/81191_gfx950_code_object_id_14.out
E20251226 05:05:32.738533 139737702594112 output_stream.cpp:111] Opened result file: att_bm128_bn128_bk32_nonkdim32/smci355-ccs-aus-n11-29/81191_33561_shader_engine_0_32.att
E20251226 05:05:32.739719 139737702594112 output_stream.cpp:111] Opened result file: att_bm128_bn128_bk32_nonkdim32/smci355-ccs-aus-n11-29/81191_33561_shader_engine_1_32.att
E20251226 05:05:32.740150 139737702594112 output_stream.cpp:111] Opened result file: att_bm128_bn128_bk32_nonkdim32/smci355-ccs-aus-n11-29/81191_33561_shader_engine_2_32.att
E20251226 05:05:32.740959 139737702594112 output_stream.cpp:111] Opened result file: att_bm128_bn128_bk32_nonkdim32/smci355-ccs-aus-n11-29/81191_33561_shader_engine_3_32.att
matmul-performance-BM128-BN128-BK32-mfma32:
        M       N       K  Triton (TFLOPS)
0  4096.0  4096.0  4096.0       656.653797
W20251226 05:05:32.940810 140025916546496 simple_timer.cpp:55] [rocprofv3] 'python test.matmul.padded.bash.py --BM 128 --BN 128 --BK 32 --nonKDim 32' ::     7.066877 sec
E20251226 05:05:33.020202 140025916546496 output_stream.cpp:111] Opened result file: att_bm128_bn128_bk32_nonkdim32/smci355-ccs-aus-n11-29/81191_results.json
W20251226 05:05:33.442831 140025916546496 simple_timer.cpp:55] [rocprofv3] tool finalization ::     0.423002 sec
Running: BM=128, BN=128, BK=64, nonKDim=16
W20251226 05:05:34.079061 140044418596288 simple_timer.cpp:55] [rocprofv3] tool initialization ::     0.138786 sec
W20251226 05:05:34.079411 140044418596288 simple_timer.cpp:55] [rocprofv3] 'python test.matmul.padded.bash.py --BM 128 --BN 128 --BK 64 --nonKDim 16' ::     0.000000 sec
W20251226 05:05:35.341483 140044418596288 tool.cpp:2158] HSA version 8.18.0 initialized (instance=0)
Running benchmark with BM=128, BN=128, BK=64, MFMA_nonKDim16
E20251226 05:05:35.676151 140044418596288 output_stream.cpp:111] Opened result file: att_bm128_bn128_bk64_nonkdim16/smci355-ccs-aus-n11-29/81261_gfx950_code_object_id_1.out
E20251226 05:05:35.868065 140044418596288 output_stream.cpp:111] Opened result file: att_bm128_bn128_bk64_nonkdim16/smci355-ccs-aus-n11-29/81261_gfx950_code_object_id_2.out
E20251226 05:05:36.105701 140044418596288 output_stream.cpp:111] Opened result file: att_bm128_bn128_bk64_nonkdim16/smci355-ccs-aus-n11-29/81261_gfx950_code_object_id_3.out
use_block_pingpong=True
options.num_stages=2
E20251226 05:05:40.230909 140044418596288 output_stream.cpp:111] Opened result file: att_bm128_bn128_bk64_nonkdim16/smci355-ccs-aus-n11-29/81261_gfx950_code_object_id_4.out
E20251226 05:05:40.304148 140044418596288 output_stream.cpp:111] Opened result file: att_bm128_bn128_bk64_nonkdim16/smci355-ccs-aus-n11-29/81261_gfx950_code_object_id_5.out
E20251226 05:05:40.398384 140044418596288 output_stream.cpp:111] Opened result file: att_bm128_bn128_bk64_nonkdim16/smci355-ccs-aus-n11-29/81261_gfx950_code_object_id_6.out
E20251226 05:05:40.423528 140044418596288 output_stream.cpp:111] Opened result file: att_bm128_bn128_bk64_nonkdim16/smci355-ccs-aus-n11-29/81261_gfx950_code_object_id_7.out
E20251226 05:05:40.554251 140044418596288 output_stream.cpp:111] Opened result file: att_bm128_bn128_bk64_nonkdim16/smci355-ccs-aus-n11-29/81261_gfx950_code_object_id_8.out
E20251226 05:05:40.574776 140044418596288 output_stream.cpp:111] Opened result file: att_bm128_bn128_bk64_nonkdim16/smci355-ccs-aus-n11-29/81261_gfx950_code_object_id_9.out
E20251226 05:05:40.693652 140044418596288 output_stream.cpp:111] Opened result file: att_bm128_bn128_bk64_nonkdim16/smci355-ccs-aus-n11-29/81261_gfx950_code_object_id_10.out
E20251226 05:05:40.708782 140044418596288 output_stream.cpp:111] Opened result file: att_bm128_bn128_bk64_nonkdim16/smci355-ccs-aus-n11-29/81261_gfx950_code_object_id_11.out
E20251226 05:05:40.747360 140044418596288 output_stream.cpp:111] Opened result file: att_bm128_bn128_bk64_nonkdim16/smci355-ccs-aus-n11-29/81261_gfx950_code_object_id_12.out
✅ Triton and Torch match
E20251226 05:05:40.999467 140044418596288 output_stream.cpp:111] Opened result file: att_bm128_bn128_bk64_nonkdim16/smci355-ccs-aus-n11-29/81261_gfx950_code_object_id_13.out
E20251226 05:05:41.034207 140044418596288 output_stream.cpp:111] Opened result file: att_bm128_bn128_bk64_nonkdim16/smci355-ccs-aus-n11-29/81261_gfx950_code_object_id_14.out
E20251226 05:05:41.038075 139756180600384 output_stream.cpp:111] Opened result file: att_bm128_bn128_bk64_nonkdim16/smci355-ccs-aus-n11-29/81261_2760_shader_engine_0_32.att
E20251226 05:05:41.039019 139756180600384 output_stream.cpp:111] Opened result file: att_bm128_bn128_bk64_nonkdim16/smci355-ccs-aus-n11-29/81261_2760_shader_engine_1_32.att
E20251226 05:05:41.039432 139756180600384 output_stream.cpp:111] Opened result file: att_bm128_bn128_bk64_nonkdim16/smci355-ccs-aus-n11-29/81261_2760_shader_engine_2_32.att
E20251226 05:05:41.040187 139756180600384 output_stream.cpp:111] Opened result file: att_bm128_bn128_bk64_nonkdim16/smci355-ccs-aus-n11-29/81261_2760_shader_engine_3_32.att
matmul-performance-BM128-BN128-BK64-mfma16:
        M       N       K  Triton (TFLOPS)
0  4096.0  4096.0  4096.0       798.311802
W20251226 05:05:41.231330 140044418596288 simple_timer.cpp:55] [rocprofv3] 'python test.matmul.padded.bash.py --BM 128 --BN 128 --BK 64 --nonKDim 16' ::     7.151919 sec
E20251226 05:05:41.315176 140044418596288 output_stream.cpp:111] Opened result file: att_bm128_bn128_bk64_nonkdim16/smci355-ccs-aus-n11-29/81261_results.json
W20251226 05:05:41.739192 140044418596288 simple_timer.cpp:55] [rocprofv3] tool finalization ::     0.424400 sec
Running: BM=128, BN=128, BK=64, nonKDim=32
W20251226 05:05:42.371807 140673995500992 simple_timer.cpp:55] [rocprofv3] tool initialization ::     0.139172 sec
W20251226 05:05:42.372170 140673995500992 simple_timer.cpp:55] [rocprofv3] 'python test.matmul.padded.bash.py --BM 128 --BN 128 --BK 64 --nonKDim 32' ::     0.000000 sec
W20251226 05:05:43.630371 140673995500992 tool.cpp:2158] HSA version 8.18.0 initialized (instance=0)
Running benchmark with BM=128, BN=128, BK=64, MFMA_nonKDim32
E20251226 05:05:43.939915 140673995500992 output_stream.cpp:111] Opened result file: att_bm128_bn128_bk64_nonkdim32/smci355-ccs-aus-n11-29/81331_gfx950_code_object_id_1.out
E20251226 05:05:44.189385 140673995500992 output_stream.cpp:111] Opened result file: att_bm128_bn128_bk64_nonkdim32/smci355-ccs-aus-n11-29/81331_gfx950_code_object_id_2.out
E20251226 05:05:44.250699 140673995500992 output_stream.cpp:111] Opened result file: att_bm128_bn128_bk64_nonkdim32/smci355-ccs-aus-n11-29/81331_gfx950_code_object_id_3.out
use_block_pingpong=True
options.num_stages=2
E20251226 05:05:48.951116 140673995500992 output_stream.cpp:111] Opened result file: att_bm128_bn128_bk64_nonkdim32/smci355-ccs-aus-n11-29/81331_gfx950_code_object_id_4.out
E20251226 05:05:49.160906 140673995500992 output_stream.cpp:111] Opened result file: att_bm128_bn128_bk64_nonkdim32/smci355-ccs-aus-n11-29/81331_gfx950_code_object_id_5.out
E20251226 05:05:49.394633 140673995500992 output_stream.cpp:111] Opened result file: att_bm128_bn128_bk64_nonkdim32/smci355-ccs-aus-n11-29/81331_gfx950_code_object_id_6.out
E20251226 05:05:49.555488 140673995500992 output_stream.cpp:111] Opened result file: att_bm128_bn128_bk64_nonkdim32/smci355-ccs-aus-n11-29/81331_gfx950_code_object_id_7.out
E20251226 05:05:49.708062 140673995500992 output_stream.cpp:111] Opened result file: att_bm128_bn128_bk64_nonkdim32/smci355-ccs-aus-n11-29/81331_gfx950_code_object_id_8.out
E20251226 05:05:49.722478 140673995500992 output_stream.cpp:111] Opened result file: att_bm128_bn128_bk64_nonkdim32/smci355-ccs-aus-n11-29/81331_gfx950_code_object_id_9.out
E20251226 05:05:49.865818 140673995500992 output_stream.cpp:111] Opened result file: att_bm128_bn128_bk64_nonkdim32/smci355-ccs-aus-n11-29/81331_gfx950_code_object_id_10.out
E20251226 05:05:49.881117 140673995500992 output_stream.cpp:111] Opened result file: att_bm128_bn128_bk64_nonkdim32/smci355-ccs-aus-n11-29/81331_gfx950_code_object_id_11.out
E20251226 05:05:49.918228 140673995500992 output_stream.cpp:111] Opened result file: att_bm128_bn128_bk64_nonkdim32/smci355-ccs-aus-n11-29/81331_gfx950_code_object_id_12.out
✅ Triton and Torch match
E20251226 05:05:50.171681 140673995500992 output_stream.cpp:111] Opened result file: att_bm128_bn128_bk64_nonkdim32/smci355-ccs-aus-n11-29/81331_gfx950_code_object_id_13.out
E20251226 05:05:50.204699 140673995500992 output_stream.cpp:111] Opened result file: att_bm128_bn128_bk64_nonkdim32/smci355-ccs-aus-n11-29/81331_gfx950_code_object_id_14.out
E20251226 05:05:50.208522 140385758213696 output_stream.cpp:111] Opened result file: att_bm128_bn128_bk64_nonkdim32/smci355-ccs-aus-n11-29/81331_36354_shader_engine_0_32.att
E20251226 05:05:50.209451 140385758213696 output_stream.cpp:111] Opened result file: att_bm128_bn128_bk64_nonkdim32/smci355-ccs-aus-n11-29/81331_36354_shader_engine_1_32.att
E20251226 05:05:50.209825 140385758213696 output_stream.cpp:111] Opened result file: att_bm128_bn128_bk64_nonkdim32/smci355-ccs-aus-n11-29/81331_36354_shader_engine_2_32.att
E20251226 05:05:50.210498 140385758213696 output_stream.cpp:111] Opened result file: att_bm128_bn128_bk64_nonkdim32/smci355-ccs-aus-n11-29/81331_36354_shader_engine_3_32.att
matmul-performance-BM128-BN128-BK64-mfma32:
        M       N       K  Triton (TFLOPS)
0  4096.0  4096.0  4096.0       746.295801
W20251226 05:05:50.405483 140673995500992 simple_timer.cpp:55] [rocprofv3] 'python test.matmul.padded.bash.py --BM 128 --BN 128 --BK 64 --nonKDim 32' ::     8.033313 sec
E20251226 05:05:50.482178 140673995500992 output_stream.cpp:111] Opened result file: att_bm128_bn128_bk64_nonkdim32/smci355-ccs-aus-n11-29/81331_results.json
W20251226 05:05:50.865658 140673995500992 simple_timer.cpp:55] [rocprofv3] tool finalization ::     0.383867 sec
Running: BM=128, BN=128, BK=128, nonKDim=16
W20251226 05:05:51.486678 139724685598144 simple_timer.cpp:55] [rocprofv3] tool initialization ::     0.140567 sec
W20251226 05:05:51.487021 139724685598144 simple_timer.cpp:55] [rocprofv3] 'python test.matmul.padded.bash.py --BM 128 --BN 128 --BK 128 --nonKDim 16' ::     0.000000 sec
W20251226 05:05:52.723493 139724685598144 tool.cpp:2158] HSA version 8.18.0 initialized (instance=0)
Running benchmark with BM=128, BN=128, BK=128, MFMA_nonKDim16
E20251226 05:05:53.056933 139724685598144 output_stream.cpp:111] Opened result file: att_bm128_bn128_bk128_nonkdim16/smci355-ccs-aus-n11-29/81401_gfx950_code_object_id_1.out
E20251226 05:05:53.206223 139724685598144 output_stream.cpp:111] Opened result file: att_bm128_bn128_bk128_nonkdim16/smci355-ccs-aus-n11-29/81401_gfx950_code_object_id_2.out
E20251226 05:05:53.388137 139724685598144 output_stream.cpp:111] Opened result file: att_bm128_bn128_bk128_nonkdim16/smci355-ccs-aus-n11-29/81401_gfx950_code_object_id_3.out
use_block_pingpong=True
options.num_stages=2
E20251226 05:05:58.966132 139724685598144 output_stream.cpp:111] Opened result file: att_bm128_bn128_bk128_nonkdim16/smci355-ccs-aus-n11-29/81401_gfx950_code_object_id_4.out
E20251226 05:05:59.039781 139724685598144 output_stream.cpp:111] Opened result file: att_bm128_bn128_bk128_nonkdim16/smci355-ccs-aus-n11-29/81401_gfx950_code_object_id_5.out
E20251226 05:05:59.132467 139724685598144 output_stream.cpp:111] Opened result file: att_bm128_bn128_bk128_nonkdim16/smci355-ccs-aus-n11-29/81401_gfx950_code_object_id_6.out
E20251226 05:05:59.157586 139724685598144 output_stream.cpp:111] Opened result file: att_bm128_bn128_bk128_nonkdim16/smci355-ccs-aus-n11-29/81401_gfx950_code_object_id_7.out
E20251226 05:05:59.261345 139724685598144 output_stream.cpp:111] Opened result file: att_bm128_bn128_bk128_nonkdim16/smci355-ccs-aus-n11-29/81401_gfx950_code_object_id_8.out
E20251226 05:05:59.276215 139724685598144 output_stream.cpp:111] Opened result file: att_bm128_bn128_bk128_nonkdim16/smci355-ccs-aus-n11-29/81401_gfx950_code_object_id_9.out
E20251226 05:05:59.367857 139724685598144 output_stream.cpp:111] Opened result file: att_bm128_bn128_bk128_nonkdim16/smci355-ccs-aus-n11-29/81401_gfx950_code_object_id_10.out
E20251226 05:05:59.382928 139724685598144 output_stream.cpp:111] Opened result file: att_bm128_bn128_bk128_nonkdim16/smci355-ccs-aus-n11-29/81401_gfx950_code_object_id_11.out
E20251226 05:05:59.397804 139724685598144 output_stream.cpp:111] Opened result file: att_bm128_bn128_bk128_nonkdim16/smci355-ccs-aus-n11-29/81401_gfx950_code_object_id_12.out
✅ Triton and Torch match
E20251226 05:05:59.648562 139724685598144 output_stream.cpp:111] Opened result file: att_bm128_bn128_bk128_nonkdim16/smci355-ccs-aus-n11-29/81401_gfx950_code_object_id_13.out
E20251226 05:05:59.682087 139724685598144 output_stream.cpp:111] Opened result file: att_bm128_bn128_bk128_nonkdim16/smci355-ccs-aus-n11-29/81401_gfx950_code_object_id_14.out
E20251226 05:05:59.686471 139436450903616 output_stream.cpp:111] Opened result file: att_bm128_bn128_bk128_nonkdim16/smci355-ccs-aus-n11-29/81401_60787_shader_engine_0_32.att
E20251226 05:05:59.687799 139436450903616 output_stream.cpp:111] Opened result file: att_bm128_bn128_bk128_nonkdim16/smci355-ccs-aus-n11-29/81401_60787_shader_engine_1_32.att
E20251226 05:05:59.688268 139436450903616 output_stream.cpp:111] Opened result file: att_bm128_bn128_bk128_nonkdim16/smci355-ccs-aus-n11-29/81401_60787_shader_engine_2_32.att
E20251226 05:05:59.689133 139436450903616 output_stream.cpp:111] Opened result file: att_bm128_bn128_bk128_nonkdim16/smci355-ccs-aus-n11-29/81401_60787_shader_engine_3_32.att
matmul-performance-BM128-BN128-BK128-mfma16:
        M       N       K  Triton (TFLOPS)
0  4096.0  4096.0  4096.0       598.440111
W20251226 05:05:59.886485 139724685598144 simple_timer.cpp:55] [rocprofv3] 'python test.matmul.padded.bash.py --BM 128 --BN 128 --BK 128 --nonKDim 16' ::     8.399464 sec
E20251226 05:05:59.970253 139724685598144 output_stream.cpp:111] Opened result file: att_bm128_bn128_bk128_nonkdim16/smci355-ccs-aus-n11-29/81401_results.json
W20251226 05:06:00.408200 139724685598144 simple_timer.cpp:55] [rocprofv3] tool finalization ::     0.438326 sec
Running: BM=128, BN=128, BK=128, nonKDim=32
W20251226 05:06:01.041979 140158869323200 simple_timer.cpp:55] [rocprofv3] tool initialization ::     0.139701 sec
W20251226 05:06:01.042323 140158869323200 simple_timer.cpp:55] [rocprofv3] 'python test.matmul.padded.bash.py --BM 128 --BN 128 --BK 128 --nonKDim 32' ::     0.000000 sec
W20251226 05:06:02.293669 140158869323200 tool.cpp:2158] HSA version 8.18.0 initialized (instance=0)
Running benchmark with BM=128, BN=128, BK=128, MFMA_nonKDim32
E20251226 05:06:02.629520 140158869323200 output_stream.cpp:111] Opened result file: att_bm128_bn128_bk128_nonkdim32/smci355-ccs-aus-n11-29/81471_gfx950_code_object_id_1.out
E20251226 05:06:02.776068 140158869323200 output_stream.cpp:111] Opened result file: att_bm128_bn128_bk128_nonkdim32/smci355-ccs-aus-n11-29/81471_gfx950_code_object_id_2.out
E20251226 05:06:02.963536 140158869323200 output_stream.cpp:111] Opened result file: att_bm128_bn128_bk128_nonkdim32/smci355-ccs-aus-n11-29/81471_gfx950_code_object_id_3.out
use_block_pingpong=True
options.num_stages=2
E20251226 05:06:08.869630 140158869323200 output_stream.cpp:111] Opened result file: att_bm128_bn128_bk128_nonkdim32/smci355-ccs-aus-n11-29/81471_gfx950_code_object_id_4.out
E20251226 05:06:08.941917 140158869323200 output_stream.cpp:111] Opened result file: att_bm128_bn128_bk128_nonkdim32/smci355-ccs-aus-n11-29/81471_gfx950_code_object_id_5.out
E20251226 05:06:09.035216 140158869323200 output_stream.cpp:111] Opened result file: att_bm128_bn128_bk128_nonkdim32/smci355-ccs-aus-n11-29/81471_gfx950_code_object_id_6.out
E20251226 05:06:09.060068 140158869323200 output_stream.cpp:111] Opened result file: att_bm128_bn128_bk128_nonkdim32/smci355-ccs-aus-n11-29/81471_gfx950_code_object_id_7.out
E20251226 05:06:09.167520 140158869323200 output_stream.cpp:111] Opened result file: att_bm128_bn128_bk128_nonkdim32/smci355-ccs-aus-n11-29/81471_gfx950_code_object_id_8.out
E20251226 05:06:09.182542 140158869323200 output_stream.cpp:111] Opened result file: att_bm128_bn128_bk128_nonkdim32/smci355-ccs-aus-n11-29/81471_gfx950_code_object_id_9.out
E20251226 05:06:09.278151 140158869323200 output_stream.cpp:111] Opened result file: att_bm128_bn128_bk128_nonkdim32/smci355-ccs-aus-n11-29/81471_gfx950_code_object_id_10.out
E20251226 05:06:09.293679 140158869323200 output_stream.cpp:111] Opened result file: att_bm128_bn128_bk128_nonkdim32/smci355-ccs-aus-n11-29/81471_gfx950_code_object_id_11.out
E20251226 05:06:09.308537 140158869323200 output_stream.cpp:111] Opened result file: att_bm128_bn128_bk128_nonkdim32/smci355-ccs-aus-n11-29/81471_gfx950_code_object_id_12.out
✅ Triton and Torch match
E20251226 05:06:09.559504 140158869323200 output_stream.cpp:111] Opened result file: att_bm128_bn128_bk128_nonkdim32/smci355-ccs-aus-n11-29/81471_gfx950_code_object_id_13.out
E20251226 05:06:09.593571 140158869323200 output_stream.cpp:111] Opened result file: att_bm128_bn128_bk128_nonkdim32/smci355-ccs-aus-n11-29/81471_gfx950_code_object_id_14.out
E20251226 05:06:09.597649 139870645253696 output_stream.cpp:111] Opened result file: att_bm128_bn128_bk128_nonkdim32/smci355-ccs-aus-n11-29/81471_63826_shader_engine_0_32.att
E20251226 05:06:09.598768 139870645253696 output_stream.cpp:111] Opened result file: att_bm128_bn128_bk128_nonkdim32/smci355-ccs-aus-n11-29/81471_63826_shader_engine_1_32.att
E20251226 05:06:09.599216 139870645253696 output_stream.cpp:111] Opened result file: att_bm128_bn128_bk128_nonkdim32/smci355-ccs-aus-n11-29/81471_63826_shader_engine_2_32.att
E20251226 05:06:09.600021 139870645253696 output_stream.cpp:111] Opened result file: att_bm128_bn128_bk128_nonkdim32/smci355-ccs-aus-n11-29/81471_63826_shader_engine_3_32.att
matmul-performance-BM128-BN128-BK128-mfma32:
        M       N       K  Triton (TFLOPS)
0  4096.0  4096.0  4096.0       650.623219
W20251226 05:06:09.794041 140158869323200 simple_timer.cpp:55] [rocprofv3] 'python test.matmul.padded.bash.py --BM 128 --BN 128 --BK 128 --nonKDim 32' ::     8.751718 sec
E20251226 05:06:09.877572 140158869323200 output_stream.cpp:111] Opened result file: att_bm128_bn128_bk128_nonkdim32/smci355-ccs-aus-n11-29/81471_results.json
W20251226 05:06:10.278313 140158869323200 simple_timer.cpp:55] [rocprofv3] tool finalization ::     0.401120 sec
All runs completed!

